Value/K,Name,LIT_TaxID,LIT_NationalidNumber_ID,IsCustomer,IsVendor,C_BP_Group_ID[Value],PaymentRulePO,PO_PaymentTerm_ID[Value],C_BPartner_Location>C_BPartner_ID[Value]/K,C_BPartner_Location>Name,C_BPartner_Location>Phone,C_BPartner_Location>IsShipTo,C_BPartner_Location>IsBillTo,C_BPartner_Location>IsPayFrom,C_BPartner_Location>C_Location>Address1,C_BPartner_Location>C_Location>City,C_BPartner_Location>C_Location>Postal,C_BPartner_Location>C_Location>RegionName,C_BPartner_Location>C_Location>C_Country_ID[Name],C_BPartner_Location>EMail,C_BPartner_Location>Fax,C_BP_BankAccount>C_BPartner_ID[Value]/K,C_BP_BankAccount>isACH,C_BP_BankAccount>C_Bank_ID[Name],C_BP_BankAccount>IBAN
8,COMUNE DI FARRA D'ISONZO,00172550311,                ,N,Y,Standard,P,30 GG D.F.,8,Farra d'Isonzo,0481 8880022,Y,Y,Y,"P.zza Vittorio Emanuele III,10",Farra d'Isonzo,34072,GO,Italy,,,8,,,
4873,MULINO SARTORI DINO,00589760230,SRTDNI38B23F172L,N,Y,Standard,D,60 GG D.F.F.M.,4873,Mezzane di Sotto,045 8880162,Y,Y,Y,"VIA VILLA, 29",Mezzane di Sotto,37030,VR,Italy,mulinosartori@libero.it,045 8889223,4873,,,
4981,TRIO S.R.L.,03490830266,03490830266,N,Y,Standard,D,60 GG D.F.F.M.,4981,Montebelluna,,Y,Y,Y,"VIA PIAVE, 130/a",Montebelluna,31044,TV,Italy,,,4981,,,
5500,DAMAGEST S.R.L.,01042510311,01042510311,N,Y,Standard,P,Contanti Consegna,5500,Gorizia,,Y,Y,Y,"VIA TRIESTE,157",Gorizia,34170,GO,Italy,,,5500,,,
7004,ABBIGLIAMENTO BRESSAN DI BRESSAN GIOVANNI,01152240311,BRSGNN55E15E098M,N,Y,Standard,P,Contanti Consegna,7004,Gradisca d'Isonzo,,Y,Y,Y,"PIAZZA DELL'UNITA', 13",Gradisca d'Isonzo,34072,GO,Italy,,,7004,,,
7005,ANTONINI MANLIO CENTRO UFFICIO,00411880313,NTNMNL54E17F356W,N,Y,Standard,P,30 GG D.F.,7005,Gorizia,0481 81831,Y,Y,Y,VIA IX AGOSTO 2/D,Gorizia,34170,GO,Italy,,0481 548073,7005,,,
7010,ALITHEA S.R.L.,04496800964,04496800964,N,Y,Standard,D,60 GG D.F.F.M.,7010,Busto Garolfo,0331 568714,Y,Y,Y,VICOLO GESU'7/9,Busto Garolfo,20020,MI,Italy,info@alithea.it,0331 568714,7010,,,
7012,AL.BA S.R.L.,00129230389,00129230389,N,Y,Standard,D,60 GG D.F.F.M.,7012,Poggio Renatico,,Y,Y,Y,"VIA UCCELLINO,  140",Poggio Renatico,44028,FE,Italy,,,7012,, ROLO BANCA 1743              POGGIO RENATICO FE       ,IT   03556 67310 
7013,ANACLERIO ANGELO COMM. PROD. OTOFR.,04410700720,04410700720,N,Y,Standard,D,60 GG D.F.F.M.,7013,Ceglie del Campo,080 5653262,Y,Y,Y,"VIA S.G.PPE MARELLO, 19",Ceglie del Campo,70129,BA,Italy,info@anaclerio.it,080 5008133,7013,,,
7014,AGENZIA GIGLIO SRL,00513540310,00513540310,N,Y,Standard,P,Contanti Consegna,7014,Gorizia,0481 522190,Y,Y,Y,VIA TRIESTE1 138-140,Gorizia,34170,GO,Italy,,0481 522156,7014,,,
7015,A.C.I.Deleg.di Gradisca D'Is.,00460380314,ZNCNTA55C63L424F,N,Y,Standard,P,Contanti Consegna,7015,Gradisca d'Isonzo,0481 960625,Y,Y,Y,"Viale Trieste, 3",Gradisca d'Isonzo,34072,GO,Italy,aci.gradisca@integra.aci.it,,7015,,,
7016,A. MLAKAR SRL,00309670313,00309670313,N,Y,Standard,P,Contanti Consegna,7016,Gorizia,0481 20425,Y,Y,Y,"VIA TERZA ARMATA, 105",Gorizia,34170,GO,Italy,service_fsmlakarsrl.com,0481 521771,7016,,,
7017,AURIEMMA PIETRO AUTOTRASPORTI,00936331214,                ,N,Y,Standard,P,30 GG D.F.,7017,Ottaviano,,Y,Y,Y,Via Sarno,Ottaviano,80040,NA,Italy,,,7017,, BANCO DI NAPOLI              FIL.S.GIUSEPPE VESUVIANO ,IT   01010 40170 
7018,ALESSANDRO ROSSO INCENTIVE SPA MAELAROSSO,03519140960,03519140960,N,Y,Standard,P,Contanti Consegna,7018,Milano,,Y,Y,Y,"VIA ANTONELLI, 3",Milano,20133,MI,Italy,,,7018,, CASSA DI RISP.DI TRIESTE     AG. 6 TRIESTE            ,IT   06335 02206 
7019,VAROTTO   BRUNO,01149430280,                ,N,Y,Standard,P,30 GG D.F.,7019,Ponte San Nicolò,,Y,Y,Y,"VIA DANTE,  25",Ponte San Nicolò,35020,PD,Italy,,,7019,, MONTE DEI PASCHI SIENA       FIL.NOLA CENTRO          ,IT   01030 40022 
7020,ASCOM SERV.GORIZIA S.R.L.,00440330314,00440330314,N,Y,Standard,D,30 GG D.F.F.M.,7020,Gorizia,0481 582811,Y,Y,Y,"VIA LOCCHI, 14/1",Gorizia,34170,GO,Italy,,0481 582891,7020,,,
7021,AUDIOFUTURE di ENZO SILVESTRI,00119960318,SLVNZE55H21E098N,N,Y,Standard,P,30 GG D.F.,7021,Monfalcone,,Y,Y,Y,"Via I Maggio, 60",Monfalcone,34074,GO,Italy,,,7021,,,
7022,ALLIBERT CONTENITORI S.P.A.,10906750152,                ,N,Y,Standard,D,90 GG D.F.F.M.,7022,Milano,,Y,Y,Y,"Via Mascheroni, 29",Milano,20145,MI,Italy,,,7022,,,
7023,ALIMENTARIA S.R.L.,00357410315,00357410315,N,Y,Standard,P,Contanti Consegna,7023,Gorizia,,Y,Y,Y,"Lungo Isonzo Argentina, 75",Gorizia,34170,GO,Italy,,,7023,,,
7024,AG.D'AFFARI TUTTOPRATICHE SAS,00429620313,00429620313,N,Y,Standard,P,Contanti Consegna,7024,Gorizia,,Y,Y,Y,VIA CODELLI 2/A,Gorizia,34170,GO,Italy,,,7024,,,
7025,ARUBA S.P.A.,01573850516,04552920482,N,Y,Standard,K,Contanti Consegna,7025,Bibbiena,0575 0505,Y,Y,Y,"LOC. PALAZZETTO, 4",Bibbiena,52011,AR,Italy,,0575 862000,7025,,,
7026,ALPE ADRIA S.R.L. FINANCIAL DEVELOPMENT,00690710322,00690710322,N,Y,Standard,P,30 GG D.F.,7026,Trieste,,Y,Y,Y,V.LE XX SETTEMBRE 37,Trieste,34100,TS,Italy,,,7026,,,
7027,ATRADE S.R.L.,00450930318,00450930318,N,Y,Standard,P,30 GG D.F.,7027,Gorizia,,Y,Y,Y,"Via S.Michele, 15",Gorizia,34170,GO,Italy,,,7027,,,
7028,ACQUA CUP S.R.l.,00956330328,00956330328,N,Y,Standard,P,Contanti Consegna,7028,Muggia,,Y,Y,Y,STRADA DELLE SALINE 1,Muggia,34015,TS,Italy,,,7028,,,
7029,ARPA-AGENZIA REG.LE PER PROT. AMBIENTE,02096520305,.               ,N,Y,Standard,P,Contanti Consegna,7029,Palmanova,,Y,Y,Y,"Piazza Grande,1",Palmanova,33057,UD,Italy,,,7029,,,
7030,ACQUAMIX IMPIANTI DI GENEROSO ENRICO,01092560315,GNRNRC74H02L424D,N,Y,Standard,P,Contanti Consegna,7030,Gorizia,,Y,Y,Y,"Via Formica, 7",Gorizia,34170,GO,Italy,,,7030,,,
7031,ATTUALFOTO S.N.C. di Silvio Fuga e Fulvio Bronzi,00071830327,00071830327,N,Y,Standard,P,Contanti Consegna,7031,Trieste,040 771326,Y,Y,Y,"VIA DELL'ISTRIA,8",Trieste,34137,TS,Italy,,040 773006,7031,,,
7032,AROMI DEL CARSO DI KOCJAN GINEVRA,01152230312,KCJGVR76B63G273P,N,Y,Standard,P,30 GG D.F.,7032,Sgonico,040 225223,Y,Y,Y,"VIA STAZ.PROSECCO, 5C",Sgonico,34010,TS,Italy,aromidelcarsokg@pec.it,040 225223,7032,,,
7033,ASPIAG SERVICE SRL SOCIO UNICO,00882800212,00882800212,N,Y,Standard,P,Contanti Consegna,7033,Bolzano,0481 391866,Y,Y,Y,"Via Buozzi, 30",Bolzano,39100,BZ,Italy,,,7033,,,
7034,ASSOCIAZIONE SPORTIVA DILLETTANTISTICA PIEDIMONTE,00176750313,80006710315,N,Y,Standard,P,Contanti Consegna,7034,Gorizia,338 9662972,Y,Y,Y,VIA DELLE GRAPPATE,Gorizia,34170,GO,Italy,,0481 391352,7034,,,
7035,ALFRUS SRL,05194770722,05194770722,N,Y,Standard,D,60 GG D.F.F.M.,7035,Modugno,080 5308411,Y,Y,Y,"VIA DEGLI OLEANDRI, 25",Modugno,70026,BA,Italy,sisto.leonardo@alfrus.it,080 5311725,7035,,,
7051,AZIENDE COMM. CAMPOBASSO,00261250724,                ,N,Y,Standard,D,30 GG D.F.F.M.,7051,Valenzano,,Y,Y,Y,"VIA CASAMASSIMA, 58",Valenzano,70010,BA,Italy,,,7051,,,
7053,ANGELILLI SAVERIO Dott.Proc. NOTAIO,00390540318,NGLSVR50H14A662L,N,Y,Standard,P,Contanti Consegna,7053,Gorizia,0481 33407,Y,Y,Y,"Via Morelli, 38",Gorizia,34170,GO,Italy,sangelli@notariato.it,0481 34630,7053,,,
7055,AUTOCENTRUM ELAN,           ,0CZ40233049      ,N,Y,Standard,P,Contanti Consegna,7055,Teplice,,Y,Y,Y,NOVOSEDLICKA' 3,Teplice,515 01,TPL,Italy,,,7055,, IST.BANC.S.PAOLO DI TORINO   AG. CREMA                ,IT   01025 56840 
7056,AZIENDA AGRIMONTANA S.P.A.,00568970040,00182540047,N,Y,Standard,D,60 GG D.F.F.M.,7056,Borgo San Dalmazzo,,Y,Y,Y,LOCALITA' PONTE DELLA SALE,Borgo San Dalmazzo,12011,CN,Italy,,,7056,, IST.BANC.S.PAOLO DI TORINO   BORGO S. DALMAZZO        ,IT   01025 46010 
7057,I.D.A.V. S.P.A. AMBROSIO,01293881213,03493910636,N,Y,Standard,D,60 GG D.F.F.M.,7057,Striano,081 8276963,Y,Y,Y,"Contrada ""Le Vecchie II"" 2",Striano,80040,NA,Italy,fatture@pec.ambrosio.it,081 8277670,7057,, B.DI NAP.FIL.S.G.VESUVIANO   FIL S.GIUSEPPE VESUVIANO ,IT   01010 40170 
7058,I.CO.cialde srl,02666960642,02666960642,N,Y,Standard,D,60 GG D.F.F.M.,7058,Calitri,,Y,Y,Y,"C.DA SAMBUCO, 12",Calitri,83045,AV,Italy,,,7058,,,
7060,ACICAP GIGLIO S.R.L.,00513540310,00513540310,N,Y,Standard,P,Contanti Consegna,7060,Gorizia,0481 522190,Y,Y,Y,"Via Trieste, 171",Gorizia,34170,GO,Italy,,,7060,,,
7061,AUTOSTAR SPA,00672540309,00672540309,N,Y,Standard,P,Contanti Consegna,7061,Tavagnacco,0432 576511,Y,Y,Y,"VIA NAZIONALE, 35",Tavagnacco,33010,UD,Italy,,0432 756524,7061,,,
7063,ANTONIO NONINO,01367100300,                ,N,Y,Standard,P,Contanti Consegna,7063,Udine,,Y,Y,Y,"V.le Trieste, 92",Udine,33100,UD,Italy,,,7063,,,
7064,ANTONINO CAUDULLO S.R.L.,04034150872,04034150872,N,Y,Standard,D,60 GG D.F.F.M.,7064,Bronte,,Y,Y,Y,"VIALE REGINA MARGHERITA, 132",Bronte,95034,CT,Italy,,,7064,,,
7066,AGUGIARO & FIGNA MOLINI S.P.A.,02257630349,                ,N,Y,Standard,D,60 GG D.F.F.M.,7066,Collecchio,,Y,Y,Y,"Strada Dei Notari, 25/27",Collecchio,43044,PR,Italy,,,7066,,,
7067,AUTOSTRADE PER L'ITALIA SPA,07516911000,07516911000,N,Y,Standard,F,30 GG D.F.,7067,Roma,0432 925370,Y,Y,Y,"VIA A. BERGAMINI, 50",Roma,00159,RM,Italy,,0432 925505,7067,,,
7068,ABS FOOD,02619260280,02619260280,N,Y,Standard,D,60 GG D.F.F.M.,7068,Vigonza,,Y,Y,Y,"Via Spagna, 22",Vigonza,35010,PD,Italy,,,7068,,,
7069,ARA S.R.L. Assistenza riparazioni automezzi,00991530304,00991530304,N,Y,Standard,P,Contanti Consegna,7069,Campoformido,,Y,Y,Y,"Via Principe di Udine, 144",Campoformido,33030,UD,Italy,,,7069,,,
7071,AGRO SUD soc. cooperativa agricola,01435271216,                ,N,Y,Standard,D,60 GG D.F.F.M.,7071,Nola,,Y,Y,Y,"Via Sepe,31",Nola,80037,NA,Italy,,,7071,,,
7072,AL BOM BOM S.R.L.,00898970322,00898970322,N,Y,Standard,P,Contanti Consegna,7072,San Dorligo della Valle - Dolina,,Y,Y,Y,"Via Muggia, 4",San Dorligo della Valle - Dolina,34018,TS,Italy,,,7072,,,
7078,AURIL E GOND SRL,02539300307,02539300307,N,Y,Standard,P,Contanti Consegna,7078,Rivignano,0432 823606,Y,Y,Y,"VIA JACOPO LINUSSIO,27",Rivignano,33050,UD,Italy,,0432 775604,7078,,,
7079,AUTORICAMBI GORIZIANA SRL,00054710314,00054710314,N,Y,Standard,P,Contanti Consegna,7079,Gorizia,,Y,Y,Y,"VIA LEOPARDI, 15",Gorizia,34170,GO,Italy,,,7079,,,
7080,AQUASAL SRL UNIPERSONALE,03816050235,03816050235,N,Y,Standard,D,60 GG D.F.F.M.,7080,San Pietro in Cariano,045 7725117,Y,Y,Y,"VIA NAZIONALE BRENNERO, 101",San Pietro in Cariano,37029,VR,Italy,aquasal@aquasal.it,045 7725120,7080,,,
7081,APPLE DISTRIBUTION INTERNATIONAL,           ,0IE9700053D      ,N,Y,Standard,K,Contanti Consegna,7081,Cork,,Y,Y,Y,HOLLYHILL ,Cork,T12,IRL,Italy,,,7081,,,
7082,AGRARIA ZAVADLAV DI ZAVADLAV N. & M.,01088630312,01088630312,N,Y,Standard,P,Contanti Consegna,7082,Gorizia,0481 520898,Y,Y,Y,"VIA UL.TRIESTE, 18",Gorizia,34170,GO,Italy,,0481 50898,7082,,,
7101,BONA S.R.L.,02115180966,02115180966,N,Y,Standard,D,60 GG D.F.F.M.,7101,Monza,039 741117,Y,Y,Y,"VIA VOLTERRA, 17",Monza,20900,MB,Italy,info@bonasrl.it,039 741172,7101,,,
7170,CONDIPARMA S.A.S. DI BIACCHI STEFANO & C.,00976070342,00976070342,N,Y,Standard,D,60 GG D.F.F.M.,7170,Colorno,0521 815164,Y,Y,Y,"VIA PROVINCIALE PER TORRILE,17",Colorno,43052,PR,Italy,info@condiparma.it,0521 816734,7170,,,
7171,CONAI Consorzio Nazionale Imballaggi,05451271000,05451271000,N,Y,Standard,T,30 GG D.F.,7171,Roma,02 540441,Y,Y,Y,"VIA TOMACELLI, 132",Roma,00186,RM,Italy,,02 4122648,7171,, B.ANTONIANA POP.VENETA       AG.QUINTO DI TREVISO     ,IT   05040 61970 
7172,BASILE F.  SRL,03465370637,                ,N,Y,Standard,D,60 GG D.F.F.M.,7172,Nola,,Y,Y,Y,VIA PROV.LE NOLA-S.VITALIANO,Nola,80035,NA,Italy,,,7172,,,
7173,BURDI S.R.L.,05287380728,05287380728,N,Y,Standard,D,60 GG D.F.F.M.,7173,Bari,080 5650046,Y,Y,Y,"Via Dante, 25",Bari,70121,BA,Italy,,080 5654148,7173,,,
7176,BARONI MONTANARI ANNA SPA,01174880367,                ,N,Y,Standard,D,60 GG D.F.F.M.,7176,Modena,,Y,Y,Y,"VIA EUROPA, 70",Modena,41100,MO,Italy,,,7176,,,
7179,BRAINI MARCO AUTOCARROZZERIA,00120270319,                ,N,Y,Standard,P,Contanti Consegna,7179,Gorizia,,Y,Y,Y,"VIA AQUILEIA, 55",Gorizia,34170,GO,Italy,,,7179,,,
7182,BRUNO DE MARCHI,00016580318,DMRBRN40A21F356P,N,Y,Standard,P,Contanti Consegna,7182,Fogliano Redipuglia,0481 489566,Y,Y,Y,"VIA III ARMATA, 14",Fogliano Redipuglia,34070,GO,Italy,demarchi@spin.it,0481 489307,7182,,,
7183,BRESOLIN S.N.C.,01683330268,01683330268,N,Y,Standard,P,60 GG D.F.,7183,Caerano di San Marco,,Y,Y,Y,"Via Callarga, 7",Caerano di San Marco,31031,TV,Italy,,,7183,,,
7185,BRAIDOTTI MASSIMO Scavi e sbancam.,00472330315,                ,N,Y,Standard,P,30 GG D.F.,7185,Farra d'Isonzo,,Y,Y,Y,"Via G.Verdi, 19",Farra d'Isonzo,34072,GO,Italy,,,7185,,,
7186,BILLO GIANFRANCO AUTOTRASPORTI,00307950287,                ,N,Y,Standard,P,60 GG D.F.,7186,Piove di Sacco,,Y,Y,Y,"Via Ugo Foscolo, 45",Piove di Sacco,35028,PD,Italy,,,7186,,,
7189,BENVENUTO S.N.C. DI BENVENUTO FLAVIO & C.,00953250040,00953250040,N,Y,Standard,D,60 GG D.F.F.M.,7189,Cortemilia,,Y,Y,Y,"CORSO LUIGI EINAUDI, 127",Cortemilia,12074,CN,Italy,,,7189,,,
7190,BELCOGELO,07571530158,                ,N,Y,Standard,D,60 GG D.F.F.M.,7190,Buccinasco,,Y,Y,Y,"VIA LAZIO, 32",Buccinasco,20090,MI,Italy,,,7190,,,
7191,BUIATTI GIULIANO Carrozzeria,00077270312,                ,N,Y,Standard,P,30 GG D.F.,7191,Farra d'Isonzo,,Y,Y,Y,"Via Gorizia, 25",Farra d'Isonzo,34072,GO,Italy,,,7191,,,
7192,BAIOCCO S.R.L.,00700120967,00936090158,N,Y,Standard,D,60 GG D.F.F.M.,7192,Concorezzo,039 6042263,Y,Y,Y,"Via I Maggio,81",Concorezzo,20863,MB,Italy,bayo@bayo.it,039 647918,7192,,,
7194,BLUE SERVICE S.R.L.,01661350304,01661350304,N,Y,Standard,D,60 GG D.F.F.M.,7194,Udine,0432 529980,Y,Y,Y,"Via Linussio, 20/A",Udine,33100,UD,Italy,,0432 529999,7194,,,
7195,BRESSAN LEOPOLDO &C.S.N.C. Officina,00080820319,00080820319,N,Y,Standard,P,Contanti Consegna,7195,Farra d'Isonzo,0481 888907,Y,Y,Y,"Via Gorizia, 105",Farra d'Isonzo,34072,GO,Italy,,,7195,,,
7196,BONGI S.R.L.,01823360480,01823360480,N,Y,Standard,P,30 GG D.F.,7196,Firenze,,Y,Y,Y,"VIA POR S.MARIA, 84/82 R.",Firenze,50122,FI,Italy,,,7196,,,
7197,CSM ITALIA S.R.L. BRAIMS divis. CSM ITALIA SRL,13181860159,13181860159,N,Y,Standard,D,60 GG D.F.F.M.,7197,Milano,0373 8961,Y,Y,Y,"Via Privata G. DE GRASSI, 3",Milano,20123,MI,Italy,,0373896525,7197,,INTESA SANPAOLO SPA,IT 54 T 03069 56840 100000011754
7198,BIO NOCCIOLA SRL,01609700560,01609700560,N,Y,Standard,D,60 GG D.F.F.M.,7198,Carbognano,,Y,Y,Y,Zona Industriale,Carbognano,01030,VT,Italy,,,7198,, BANCA DI ROMA                FIL.DI CAPRAROLA         ,IT   03002 71970 
7199,BAKER & BAKPOW SRL,03482160755,                ,N,Y,Standard,P,60 GG D.F.F.M.,7199,Serrano,,Y,Y,Y,"Via Lubelli, 3",Serrano,73020,LE,Italy,,,7199,,,
7200,BAREA S.R.L.,03761890262,03761890262,N,Y,Standard,D,60 GG D.F.F.M.,7200,Quinto di Treviso,0422 470222,Y,Y,Y,"Via F.lli Bandiera, 2",Quinto di Treviso,31055,TV,Italy,info@barea.it,0422 370687,7200,,,
7201,B. V. & FIGLI S.R.L. ingrosso alimentari,00958230328,00958230328,N,Y,Standard,P,60 GG D.F.F.M.,7201,Trieste,,Y,Y,Y,"Via Carli, 22",Trieste,34100,TS,Italy,,,7201,,,
7202,BRT S.P.A. Corriere Espresso,04507990150,04507990150,N,Y,Standard,P,Contanti Consegna,7202,Bologna,0432 835711,Y,Y,Y,"Via E.Mattei, 42",Bologna,40138,BO,Italy,,0432 929823,7202,,,
7203,BANCA ITALEASE Banca per leasing Italease,00846180156,00846180156,N,Y,Standard,F,30 GG D.F.,7203,Milano,,Y,Y,Y,"VIA CINO DEL DUCA, 12",Milano,20122,MI,Italy,,,7203,,,
7204,BENNET S.P.A.,07071700152,07071700152,N,Y,Standard,P,Contanti Consegna,7204,Milano,,Y,Y,Y,"VIA ENZO RATTI, 2",Milano,20100,MI,Italy,,,7204,,,
7205,BORTOLOSSI F.LLI SNC Costruzioni metalliche,00226920304,00226920304,N,Y,Standard,S,30 GG D.F.F.M.,7205,Buttrio,,Y,Y,Y,"VIA III ARMATA, 43",Buttrio,33042,UD,Italy,,,7205,,,
7206,BURAN ROBERTO,01984070274,BRNRRT61S10F999L,N,Y,Standard,P,Contanti Consegna,7206,Portogruaro,0421 270879,Y,Y,Y,"Via I.Svevo, 12/B",Portogruaro,30026,VE,Italy,,,7206,,,
7207,BAYERNLAND S.R.L.,00122620214,00122620214,N,Y,Standard,D,60 GG D.F.F.M.,7207,Vipiteno,0472 723111,Y,Y,Y,STRADA GIOVO 23,Vipiteno,39049,BZ,Italy,posta@bayerland.it,0427 766642,7207,,,
7209,BIMED,           ,SI11306424      ,N,Y,Standard,T,Contanti Consegna,7209,Sempeter,00386 5 3302240,Y,Y,Y,Mednarodni prehod 8 Vrtojba,Sempeter,5290,SLO,Italy,,00386 5 3302243,7209,,,
7210,BARRY CALLEBAUT BELGIUM N.V.,13053190156,                ,N,Y,Standard,S,60 GG D.F.F.M.,7210,Milano,02 7514487,Y,Y,Y,VIA MORIMONDO 23,Milano,20143,MI,Italy,,02 7790783,7210,,,
7212,BIG S.R.L.,04492200961,04492200961,N,Y,Standard,S,60 GG D.F.F.M.,7212,Milano,02 3356111,Y,Y,Y,VIA FLAVIO GIOIA 8,Milano,20149,MI,Italy,,02 3356460,7212,,,
7215,BABBI SRL,04149040406,04149040406,N,Y,Standard,D,60 GG D.F.F.M.,7215,Bertinoro,0543 448598,Y,Y,Y,Via Caduti di via Fani 78/80,Bertinoro,47032,FC,Italy,info@babbi.it,,7215,,,
7295,CRESPI S.R.L.,02549100309,02549100309,N,Y,Standard,S,30 GG D.F.F.M.,7295,Pasian di Prato,0432 699263,Y,Y,Y,"VIA COLLOREDO, 128",Pasian di Prato,33037,UD,Italy,,0432 644055,7295,,,
7320,CENTRO FORMAZIONE PROFESS. CIVIFORM SOC.COOP.SOCIALE,01905060305,01905060305,N,Y,Standard,P,30 GG D.F.,7320,Cividale del Friuli,,Y,Y,Y,"VIALE GEMONA, 5",Cividale del Friuli,33043,UD,Italy,,,7320,,,
7321,CLIMAUTO S.N.C. di CEJ FRANCO E DELLASANTA M.,00868470329,00868470329,N,Y,Standard,P,Contanti Consegna,7321,Muggia,,Y,Y,Y,"Via Flavia Di Aquilinia, 1/b",Muggia,34015,TS,Italy,,,7321,,,
7322,CLE<RBRIDGE AG,           ,DE244822460     ,N,Y,Standard,K,Contanti Consegna,7322,Colonia,,Y,Y,Y,GEREONSTR. 43-65,Colonia,50670,GER,Italy,,,7322,,,
7323,CENTRI ASSISTENZA RIUNITI di Beltrame Silverio & C. SNC,02008470300,                ,N,Y,Standard,P,30 GG D.F.,7323,Pasian di Prato,,Y,Y,Y,"VIA CAMPOFORMIDO, 127/16",Pasian di Prato,33037,UD,Italy,,,7323,,,
7324,CESARIN S.P.A.,02895440234,12547860150,N,Y,Standard,D,60 GG D.F.F.M.,7324,Verona,,Y,Y,Y,"VIA ROSA, 8",Verona,37121,VR,Italy,,,7324,,,
7325,CHIAROLLA ANDREA Lavorazione mandorle,04199380728,                ,N,Y,Standard,P,60 GG D.F.F.M.,7325,Terlizzi,,Y,Y,Y,Vico V.Mazzini 14,Terlizzi,70038,BA,Italy,,,7325,,,
7326,CENTRO COLORI DI MARONI LUCA,01133260313,MRNLCU81P29E098O,N,Y,Standard,P,Contanti Consegna,7326,Gorizia,,Y,Y,Y,"VIA ARIOSTO, 26",Gorizia,34170,GO,Italy,,,7326,,,
7327,CLEAN STORE SRL,02896450307,02896450307,N,Y,Standard,S,30 GG D.F.F.M.,7327,Bagnaria Arsa,0432 996421,Y,Y,Y,VIA DEI BANDUZZI 68,Bagnaria Arsa,33050,UD,Italy,,0432 996807,7327,,,
7340,CI.BI SRL,07289621216,07289621216,N,Y,Standard,D,60 GG D.F.F.M.,7340,Tufino,,Y,Y,Y,"CONTRADA CESINA, 6",Tufino,80030,NA,Italy,,,7340,,,
7342,CIAVOLINO DANIELE E FIGLI NAPOLI SRL,04629361215,04629361215,N,Y,Standard,T,60 GG D.F.F.M.,7342,Torre del Greco,081 8833289,Y,Y,Y,"Via Giovanni XXIII, 63 INT.2",Torre del Greco,80059,NA,Italy,ciavolinonapolisrl@pec.team-service.it,081 8832862,7342,,,
7343,CIAVOLINO DANIELE & FIGLI ROMA SRL,08328631000,08328631000,N,Y,Standard,T,60 GG D.F.F.M.,7343,Ardea,,Y,Y,Y,"VIA CAMPO DI CARNE, 20",Ardea,00040,RM,Italy,,,7343,, BANCA DI CRED. POPOLARE      S. MARIA LA BRUNA        ,IT   05142 40302 
7344,CJS MEDNARODNA TRGOVINA d.o.o.,           ,SI47083026      ,N,Y,Standard,P,Contanti Consegna,7344,IVANCNA GORICA,,Y,Y,Y,"NA KLANCU 11,",IVANCNA GORICA,1295,SLO,Italy,,,7344,,,
7345,CIRCOLO AGRARIO FRIULANO SOC COOP,00067620930,00067620930,N,Y,Standard,P,Contanti Consegna,7345,San Giorgio della Richinvelda,,Y,Y,Y,"Via C. Kechler, 1",San Giorgio della Richinvelda,33095,PN,Italy,,,7345,,,
7350,CAMERA DI COMMERCIO I.A.A. VENEZIA GORIZIA,01275660320,01275660320,N,Y,Standard,P,Contanti Consegna,7350,Trieste,,Y,Y,Y,"PIAZZA DELLA BORSA, 14",Trieste,34121,TS,Italy,,,7350,,,
7352,CANVASS S.R.L. Macchine e prod. per il pulito,00775070303,00775070303,N,Y,Standard,P,Contanti Consegna,7352,Tavagnacco,,Y,Y,Y,VIA NAZIONALE 52/C,Tavagnacco,33010,UD,Italy,,,7352,,,
7354,SCHNEIDER GmbH,           ,DE811381679     ,N,Y,Standard,T,60 GG D.F.,7354,D- ALBERSHAUSEN,,Y,Y,Y,IN DER LANGERTS 1,D- ALBERSHAUSEN,73095,GER,Italy,,,7354,,,
7356,CAVALIERI TRASPORTI S.P.A.,00745180349,                ,N,Y,Standard,P,30 GG D.F.,7356,Parma,,Y,Y,Y,"VIA EMILIA EST, 238",Parma,43100,PR,Italy,,,7356,,,
7359,COVEG S.R.L. ISTITUTO VENDITE GIUDIZIARIE,02128460306,                ,N,Y,Standard,P,Contanti Consegna,7359,Reana del Rojale,,Y,Y,Y,"VIA VITTORIO VENETO, 73",Reana del Rojale,33010,UD,Italy,,,7359,,,
7360,COZZOLINO ANTONIO,00245841218,                ,N,Y,Standard,P,60 GG D.F.,7360,Palma Campania,,Y,Y,Y,"VIA TIRONE, 1",Palma Campania,80036,NA,Italy,,,7360,,,
7362,COPYGRAPH S.N.C. DI FLAVIO FRANDOLI & GIANMAURO TEDDE,00475220315,00475220315,N,Y,Standard,D,30 GG D.F.F.M.,7362,Gorizia,0481 536977,Y,Y,Y,"VIA DUCA D'AOSTA, 46",Gorizia,34170,GO,Italy,,0481 537470,7362,,,
7363,COPERPAN DI E.BERNARDI & C.SAS,01217010261,01217010261,N,Y,Standard,D,60 GG D.F.F.M.,7363,Follina,0438 971979,Y,Y,Y,"VIA ALTARIOL, 28",Follina,31051,TV,Italy,info@coperpan.it,0438 971835,7363,,,
7364,COOPGIULIOBELLINI,00041670381,00041670381,N,Y,Standard,P,60 GG D.F.F.M.,7364,Filo,0532 856911,Y,Y,Y,"Via Garusola, 3",Filo,44010,FE,Italy,,0532 802554,7364,,,
7367,CONGAFI GORIZIA,00371120312,                ,N,Y,Standard,P,Contanti Consegna,7367,Gorizia,,Y,Y,Y,"VIA CRISPI, 10",Gorizia,34170,GO,Italy,,,7367,,,
7368,COOPERLAT  SOC.COOP.A R.L.,00807560420,00807560420,N,Y,Standard,D,60 GG D.F.F.M.,7368,Jesi,0346 1055717,Y,Y,Y,V.PIANDELMEDICO  74,Jesi,60035,AN,Italy,,0731 238248,7368,,,
7380,COLOMBINO & POLANO di Polano,00282000306,                ,N,Y,Standard,P,60 GG D.F.F.M.,7380,Ragogna,,Y,Y,Y,"Via Btg. Gemona, 1",Ragogna,33030,UD,Italy,,,7380,,,
7381,COCCOLAUTO  DI L.COLLETTA,00523870319,CLLLRD70C11F356T,N,Y,Standard,P,Contanti Consegna,7381,Gorizia,,Y,Y,Y,"VIA HENRIK TUMA, 34",Gorizia,34170,GO,Italy,,,7381,,,
7385,COOPERATIVA AGRIVESUVIO FRUTTA SECCA,01443561210,05622480639,N,Y,Standard,P,60 GG D.F.,7385,Lauro,,Y,Y,Y,"Via Nuova, 34",Lauro,83023,AV,Italy,,,7385,,,
7387,CONTACT ESELLERATE AT,           ,EU372000063     ,N,Y,Standard,P,Contanti Consegna,7387,LINCOLN NE 68508-132,,Y,Y,Y,826 P STREET SUITE 300,LINCOLN NE 68508-132,68508-132,NE,Italy,,,7387,,,
7388,CARR SERVICE di Della Picca Enrico,01254440306,                ,N,Y,Standard,P,30 GG D.F.,7388,Mereto di Tomba,,Y,Y,Y,"Via C. Percoto, 8 - 33036",Mereto di Tomba,33036,UD,Italy,,,7388,,,
7389,CARGILL S.R.L. CARGILL TEXTURIZING SOLUTIONS,12096330159,12096330159,N,Y,Standard,P,60 GG D.F.F.M.,7389,Milano,,Y,Y,Y,"Via Girardo Patecchio, 4",Milano,20141,MI,Italy,,,7389,,,
7390,C.A.R. AUTO CALLIGARO SILVANO,00441340312,CLLSVN58H23E098L,N,Y,Standard,P,30 GG D.F.,7390,Gorizia,,Y,Y,Y,"Via Aquilieia, 75",Gorizia,34170,GO,Italy,,,7390,,,
7391,CAAU S.COOP.A R.L. Consorzio Autotr.art.UD,00338420300,                ,N,Y,Standard,P,60/90 GG D.F.F.M.,7391,Lauzacco,,Y,Y,Y,"Via delle industrie, 23",Lauzacco,33050,UD,Italy,,,7391,,,
7392,CARROZZERIA TONUTTI S.N.C. DI V. TONUTTI & C.,00322480302,00322480302,N,Y,Standard,P,Contanti Consegna,7392,Udine,,Y,Y,Y,"Via Rizzolo, 48",Udine,33100,UD,Italy,,,7392,,,
7393,CAR GIULIANA,01026260305,01026260305,N,Y,Standard,P,Contanti Consegna,7393,San Dorligo della Valle - Dolina,,Y,Y,Y,"VIA RESSEL, 3/1 ZONA IND.",San Dorligo della Valle - Dolina,34018,TS,Italy,,,7393,,,
7394,C.A.V. di A. CARAMEL & C. SAS,00051660314,00051660314,N,Y,Standard,P,30 GG D.F.,7394,Cormons,,Y,Y,Y,"V.le Venezia Giulia, 53",Cormons,34071,GO,Italy,,,7394,,,
7395,C.S.V. CAR S.R.L.,02286950304,02286950304,N,Y,Standard,P,30 GG D.F.,7395,Cervignano del Friuli,,Y,Y,Y,"VIA DEI NOVAI, 14",Cervignano del Friuli,33052,UD,Italy,,,7395,, B.N.L. SEDE DI PARMA         PARMA                    ,IT   01005 12700 
7397,CONSORZIO AGRARIO DEL FRIULI VENEZIA GIULIA,00190300301,00190300301,N,Y,Standard,P,Contanti Consegna,7397,Basiliano,0432 838811,Y,Y,Y,"Via Luigi Magrini, 2",Basiliano,33031,UD,Italy,,043 284194,7397,,,
7398,CONSORZIO GORIZIANO AUTOSCUOLE,01069290318,01069290318,N,Y,Standard,P,Contanti Consegna,7398,Gorizia,,Y,Y,Y,"Via Nizza, 1",Gorizia,34170,GO,Italy,,,7398,,,
7399,COMMERCIALE NONCELLO S.R.L.,00240080937,                ,N,Y,Standard,P,60 GG D.F.,7399,Spilimbergo,,Y,Y,Y,"VIA S.GIOVANNI EREMITA, 36",Spilimbergo,33097,PN,Italy,,,7399,,,
7400,COMITATO ITALIANO PER L'UNICEF,01561920586,                ,N,Y,Standard,P,Contanti Consegna,7400,Roma,,Y,Y,Y,"Via V.E. Orlando, 83",Roma,00185,RM,Italy,,,7400,,,
7401,COMPUTER SUPER STORE S.R.L.,02488750247,                ,N,Y,Standard,P,Contanti Consegna,7401,Torri di Quartesolo,,Y,Y,Y,Via Pola 20,Torri di Quartesolo,36040,VI,Italy,,,7401,,,
7402,CALIENDO GIOVANNI S.R.L.,02511421212,                ,N,Y,Standard,P,60 GG D.F.,7402,Nola,,Y,Y,Y,"VIA S.GENNARO, 138",Nola,80035,NA,Italy,,,7402,, CARIVIT FIL.DI VALLERANO                              ,IT   06065 73320 
7403,C.A.A.M.P. Soc. Coop. a r.l. Autotrasporti,00475420931,                ,N,Y,Standard,P,30 GG D.F.,7403,Prata di Pordenone,,Y,Y,Y,"Via Luigi Einaudi, 12",Prata di Pordenone,33080,PN,Italy,,,7403,, ROLO BANCA 1473              AG.DI PRATA DI PORDENONE ,IT   03556 64960 
7404,COLANTUONO SWEETS S.N.C. DI COLANTUONO V. & C.,02190350542,02190350542,N,Y,Standard,P,60 GG D.F.,7404,Spello,,Y,Y,Y,Via delle Ind. Loc.NAVELLO,Spello,06038,PG,Italy,,,7404,, CASSA DI RISPARMIO FOLIGNO   SPELLO PG                ,IT   06165 38690 
7406,COSTANTIN GINO & C. SNC SERVIZIO ACI,00484470315,00484470315,N,Y,Standard,P,Contanti Consegna,7406,Villesse,,Y,Y,Y,"Via Aquileia, 36",Villesse,34070,GO,Italy,,,7406,,,
7407,CARTOTECNICA ISONTINA S.A.S. di Pesarino GF e Nevio & c.,00386990311,00386990311,N,Y,Standard,P,Contanti Consegna,7407,Gorizia,,Y,Y,Y,Via IV Novembre 5/G,Gorizia,34170,GO,Italy,,,7407,,,
7408,CANCIANI SAS DI VITTORI ROBERTA,00040920316,00040920316,N,Y,Standard,D,60 GG D.F.F.M.,7408,Gorizia,0481 530736,Y,Y,Y,VIA IV NOVEMBRE 35/A,Gorizia,34170,GO,Italy,info@distilleriecanciani.com,0481 530228,7408,, CRED.COOP. MANZANO           GORIZIA                  ,IT   08631 12400 
7410,CARTPLAST 2001 DI FOLLADORE M. & C. SAS,00178500310,00178500310,N,Y,Standard,P,Contanti Consegna,7410,Gradisca d'Isonzo,0481 92027,Y,Y,Y,"VIA M. CIOTTI, 20",Gradisca d'Isonzo,34072,GO,Italy,cartplast2001@gmail.com,0481 92027,7410,,,
7411,CASTELLANI S.R.L.,00970110326,00970110326,N,Y,Standard,P,Contanti Consegna,7411,Muggia,040 232619,Y,Y,Y,"Via dei Cavalieri di Malta, 11",Muggia,34015,TS,Italy,,040 9236112,7411,,,
7412,CASEARIA BRESCIANA CA.BRE.,00570010983,                ,N,Y,Standard,P,60 GG D.F.,7412,Verolanuova,,Y,Y,Y,"LOCALITA' CABRE,10",Verolanuova,25028,BS,Italy,,,7412,,,
7413,CASSA DI RISPARMIO DEL FRIULI VENEZIA GIULIA,01045800313,91025940312,N,Y,Standard,P,30 GG D.F.,7413,Gorizia,0481 35111,Y,Y,Y,"C.SO VERDI, 104",Gorizia,34170,GO,Italy,,,7413,,,
7414,CARRARO S.P.A. CONCESSIONARIA,00855070264,00855070264,N,Y,Standard,D,30 GG D.F.F.M.,7414,Susegana,0432 641115,Y,Y,Y,"VIA CONEGLIANO, 51",Susegana,31058,TV,Italy,,0432 621276,7414,,,
7559,DAIMLERCHRYSLER ITALIA S.P.A.,06325761002,                ,N,Y,Standard,P,30 GG D.F.,7559,Roma,,Y,Y,Y,"Via Giulio Vincenzo Bona,110",Roma,00156,RM,Italy,,,7559,,,
7560,DADA S.P.A.,04628270482,                ,N,Y,Standard,P,30 GG D.F.,7560,Firenze,,Y,Y,Y,"Via de'Pandolfini, 34R",Firenze,50122,FI,Italy,,,7560,, B.DEL MONTE DI LOMBARDIA     AG.13 MILANO             ,IT   06906 01613 
7561,D'AMODIO BERNARDINO COMMERCIO ORTOFR.,00311261218,                ,N,Y,Standard,D,60 GG D.F.F.M.,7561,Sant'Antimo,,Y,Y,Y,"Via G.Galilei, 66",Sant'Antimo,80029,NA,Italy,,,7561,, B.DI ROMA A.MELITO DI NAPOLI AG. DI MELITO DI NAPOLI  ,IT   03002 39980 
7562,DOTTORI ZANDEGIACOMO &C SNC,00150250306,                ,N,Y,Standard,P,30 GG D.F.,7562,Aiello del Friuli,,Y,Y,Y,VIA GENOVA CAVALLERIA 17/21,Aiello del Friuli,33041,UD,Italy,,,7562,,,
7563,D.A.R. s.r.l.,03637081211,03637081211,N,Y,Standard,D,60 GG D.F.F.M.,7563,Lauro,081 5102308,Y,Y,Y,Via Provinciale per Lauro,Lauro,83023,AV,Italy,,081 5102103,7563,, ROLO BANCA AG.DI FAGANA      AG.DI FACAGNA            ,IT   03556 63820 
7564,DEGRAL S.A.S.,00112490198,00112490198,N,Y,Standard,P,60 GG D.F.F.M.,7564,Offanengo,,Y,Y,Y,"Via Circonvallazione Sud, 67",Offanengo,26010,CR,Italy,,,7564,, B.POPOLARE DI MILANO AG 62   AG. 62 ROZZANO           ,IT   05584 33681 
7565,DOLCIARIA GADESCHI S.P.A.,00821450194,                ,N,Y,Standard,P,60 GG D.F.F.M.,7565,Corte de' Frati,,Y,Y,Y,"Via D. Mario Bozzuffi, 3",Corte de' Frati,26010,CR,Italy,,,7565,, B.POP.MILANO AG.ROZZANO MI                            ,IT   05584 33681 
7566,DISTILLERIE FRANCIACORTA S.P.A,00944740174,                ,N,Y,Standard,P,60 GG D.F.,7566,Gussago,,Y,Y,Y,"Via Mandolossa, 80",Gussago,25064,BS,Italy,,,7566,,,
7567,DUIZ OSCAR DOGANALISTA,00545820318,DZUSCR64L06E098D,N,Y,Standard,P,Contanti Consegna,7567,Gorizia,0481 82601,Y,Y,Y,"Via Favetti, 13",Gorizia,34170,GO,Italy,,0481 539056,7567,,,
7568,DOTT.SERGIO ORZAN,00384190310,                ,N,Y,Standard,P,Contanti Consegna,7568,Gorizia,,Y,Y,Y,"Corso Verdi, 85",Gorizia,34170,GO,Italy,,,7568,,,
7569,DEL TORRE SRL,00972130306,00972130306,N,Y,Standard,P,Contanti Consegna,7569,Pradamano,0432 671524,Y,Y,Y,"Via Bortolossi, 1/5",Pradamano,33040,UD,Italy,,0432 671519,7569,,,
7570,DE LANGLADE & GRANCELLI SPA,00727000150,00727000150,N,Y,Standard,P,60 GG D.F.F.M.,7570,Genova,,Y,Y,Y,"VIA CAIROLI, 6/5",Genova,16124,GE,Italy,,,7570,,,
7571,DIGIT SRL WELLCOME,01009290311,01009290311,N,Y,Standard,P,Contanti Consegna,7571,Gorizia,,Y,Y,Y,VIA XXIV MAGGIO S.N.,Gorizia,34170,GO,Italy,,,7571,,,
7572,D.A.F. DIST.AUT.FRIULI SAS,01000260313,01000260313,N,Y,Standard,P,Contanti Consegna,7572,Cormons,,Y,Y,Y,"Via Fermi, 7",Cormons,34071,GO,Italy,,,7572,,,
7573,DOCTOR GLASS GROUP S.R.L.,13295980158,01228140339,N,Y,Standard,P,Contanti Consegna,7573,Trezzano sul Naviglio,,Y,Y,Y,"VIA COPERNICO, 54",Trezzano sul Naviglio,20090,MI,Italy,,,7573,,,
7574,DEIURI S.A.S. SERRAMENTI DI DEIURI A. & C.,01020530315,01020530315,N,Y,Standard,P,30 GG D.F.,7574,Gorizia,0481 392185,Y,Y,Y,"VIA IV NOVEMBRE, 5/F",Gorizia,34170,GO,Italy,deiuriserramenti@deiurirenzo.191.it,0481 313078,7574,,,
7575,DAILA,02743210169,02743210169,N,Y,Standard,D,60 GG D.F.F.M.,7575,Azzano San Paolo,035 530495,Y,Y,Y,"VIA PAPA GIOVANNI XXIII, 59",Azzano San Paolo,24052,BG,Italy,info@daila.it,035 531072,7575,,,
7576,DICARCONO S.L.,           ,B53264826       ,N,Y,Standard,T,60 GG D.F.F.M.,7576,IBI- ALICANTE,,Y,Y,Y,"C/SALAMANCA, 18",IBI- ALICANTE,03440,SPA,Italy,,,7576,,,
7577,DHW-DEUTSCHE HEFEWERKR GmbH,           ,DE814951869     ,N,Y,Standard,T,60 GG D.F.F.M.,7577,Nurnberg,,Y,Y,Y,BUCHER HAUPTSTRABE 53-55,Nurnberg,90427,GER,Italy,,,7577,,,
7578,DANA SPORT DI GEOTTI LOREDANA & C. SNC,00452320302,00452320302,N,Y,Standard,P,Contanti Consegna,7578,Aiello del Friuli,,Y,Y,Y,"VIA PETRARCA, 16",Aiello del Friuli,33041,UD,Italy,,,7578,,,
7769,DECATHLON UDINE,11005760159,11005760159,N,Y,Standard,P,Contanti Consegna,7769,Udine,,Y,Y,Y,Viale Tricesimo snc,Udine,33100,UD,Italy,,,7769,,,
7770,ESKA S.N.C. DI SCUCCHIARO LINO & C.,01028690285,01028690285,N,Y,Standard,P,60 GG D.F.,7770,Este,,Y,Y,Y,VIA MARTIRI DELLA LIBERTA' 3,Este,35042,PD,Italy,,,7770,,,
7771,DOLCIARIA ORSETTO DI BUTTIGNOL GIOVANNI,00100770262,                ,N,Y,Standard,P,30 GG D.F.,7771,Orsago,,Y,Y,Y,"Via C.Battisti, 7",Orsago,31010,TV,Italy,,,7771,,,
7772,DELL COMPUTER S.A.,00001709997,00001709997,N,Y,Standard,P,Contanti Consegna,7772,Assago,,Y,Y,Y,VIA MILANOFIORI PALAZZO WTC,Assago,20090,MI,Italy,,,7772,,,
7773,DOTT.ING. LORIS BORTOLOSSI STUDIO DI INGEGNERIA,02107890309,BRTLRS68B17L483O,N,Y,Standard,P,30 GG D.F.,7773,Buttrio,,Y,Y,Y,"VIA TERZA ARMATA, 39",Buttrio,33042,UD,Italy,,,7773,,,
7775,"DISTIL.ALESSANDRO FRATELLI SNC DI Fratelli Giacomo, Paolo, Elena",02186780165,02186780165,N,Y,Standard,D,60 GG D.F.F.M.,7775,Treviglio,0363 48823,Y,Y,Y,"Via C. Terni, 33",Treviglio,24047,BG,Italy,distilleriafratelli@virgilio.it,0363 303080,7775,,,
7776,EUROJAPAN S.R.L.,01602170308,01602170308,N,Y,Standard,P,Contanti Consegna,7776,Udine,,Y,Y,Y,"VIA PLANIS, 31",Udine,33100,UD,Italy,,,7776,,,
7777,EUROCAR ITALIA S.R.L.,02353310309,02353310309,N,Y,Standard,P,30 GG D.F.,7777,Udine,0432 550600,Y,Y,Y,"VIALE TRICESIMO, 99",Udine,33100,UD,Italy,info@eurocar.it,0432 550691,7777,,,
7778,ENEL ENERGIA SPA,06655971007,06655971007,N,Y,Standard,F,30 GG D.F.,7778,Roma,803500,Y,Y,Y,VIALE REGINA MARGHERITA 125,Roma,00198,RM,Italy,,,7778,,,
7781,F.S.D. DI SANO S.R.L. FRUTTA SECCA,11520970150,11520970150,N,Y,Standard,P,60 GG D.F.F.M.,7781,Rozzano,,Y,Y,Y,"Via Sesia, 40/0",Rozzano,20089,MI,Italy,,,7781,, B.POP.DI MILANO              AG.502                   ,IT   05584 01702 
7782,E.CO. S.A.S.,00128270311,00128270311,N,Y,Standard,P,60 GG D.F.F.M.,7782,Gorizia,,Y,Y,Y,VIA F.LLI COSSAR 23,Gorizia,34170,GO,Italy,,,7782,,,
7783,ENRICO AGOSTINIS AVVOCATO,00438040313,                ,N,Y,Standard,P,Contanti Consegna,7783,Gorizia,,Y,Y,Y,"Via De Gasperi, 15",Gorizia,34170,GO,Italy,,,7783,,,
7784,DE MARCHI LUCIANO & C. SNC AUTOFFICINA ELETTRAUTO,00482150315,00482150315,N,Y,Standard,P,Contanti Consegna,7784,Romans d'Isonzo,,Y,Y,Y,"Via Castelliere, 26/A",Romans d'Isonzo,34076,GO,Italy,,,7784,,,
7785,ENTE FERROVIE DELLO STATO,01585570581,                ,N,Y,Standard,P,Contanti Consegna,7785,Roma,,Y,Y,Y,"P.zza della Croce Rossa, 1",Roma,00100,RM,Italy,,,7785,,,
7786,ENEL DISTRIBUZIONE S.P.A.,05779711000,05779711000,N,Y,Standard,F,30 GG D.F.,7786,Roma,803500,Y,Y,Y,"Via Ombrone, 2",Roma,00198,RM,Italy,,,7786,,,
7787,COLLETTA LEONARDO AUTOLAVAGGIO,00523870319,                ,N,Y,Standard,P,Contanti Consegna,7787,Gorizia,,Y,Y,Y,"Via S.Michele, 23",Gorizia,34170,GO,Italy,,,7787,,,
7788,ELETTRICA ISONTINA S.N.C. di CUMIN & TONDON,00401860317,00401860317,N,Y,Standard,D,30 GG D.F.F.M.,7788,Romans d'Isonzo,0481 909220,Y,Y,Y,Via Igino Valdemarin 5,Romans d'Isonzo,34076,GO,Italy,,0481 909220,7788,,,
7789,ECOCAVE S.R.L. CAVA DI PIETRA,00430610311,00430610311,N,Y,Standard,P,30 GG D.F.,7789,Sagrado,,Y,Y,Y,"Via G. D'Annunzio, 34",Sagrado,34078,GO,Italy,,,7789,,,
7790,EMILIO FABRIS,00016670317,                ,N,Y,Standard,P,Contanti Consegna,7790,Monfalcone,,Y,Y,Y,"Via Degli Eusebi, 2",Monfalcone,34074,GO,Italy,,,7790,,,
7791,ELETTRONICA MACUZZI S.R.L.,00475100319,                ,N,Y,Standard,P,Contanti Consegna,7791,Gorizia,,Y,Y,Y,"Corso Italia, 191",Gorizia,34170,GO,Italy,,,7791,,,
7792,ELETTRO DIESEL S.N.C. DI CENTIS SILVANO,01410250300,                ,N,Y,Standard,P,Contanti Consegna,7792,Basiliano,,Y,Y,Y,"Via A. Malignani,33 Zona Ind.",Basiliano,33031,UD,Italy,,,7792,, IST.BANC.S.PAOLO TORINO      AG 5 MILANO              ,IT   01025 01605 
7793,ESPEGO S.AR.L. Spedizioni e TRASPORTI INTERN.,00074090317,                ,N,Y,Standard,P,30 GG D.F.,7793,Gorizia,,Y,Y,Y,"Corso Italia, 126",Gorizia,34170,GO,Italy,,,7793,,,
7794,ITALIANA PETROLI S.P.A.,00051570893,00051570893,N,Y,Standard,F,30 GG D.F.,7794,Roma,06 500921,Y,Y,Y,VIA DELL'INDUSTRIA 92,Roma,00144,RM,Italy,,06 5017916,7794,,,
7795,EPSON ITALIA S.P.A.,07511580156,01539880631,N,Y,Standard,K,Contanti Consegna,7795,Cinisello Balsamo,02 660321,Y,Y,Y,"VIA M. VIGANO' DE VIZZI, 93/95",Cinisello Balsamo,20092,MI,Italy,,02 6123622,7795,,,
7796,EREDI DI STAZIO RAFFAELE AUTOTRASPOTI MERCI,02996231219,                ,N,Y,Standard,P,30 GG D.F.,7796,Mugnano di Napoli,,Y,Y,Y,"Via E.Mattei, 20",Mugnano di Napoli,80018,NA,Italy,,,7796,,,
7798,EGO SERVIZI S.R.L. CENTRO EL. DATI,00432780310,00432780310,N,Y,Standard,P,60 GG D.F.F.M.,7798,Gorizia,0481 534787,Y,Y,Y,"PIAZZA VITTORIA, 41",Gorizia,34170,GO,Italy,,0481 30111,7798,,,
7799,EDILPROGRES DI ERRICO GUIDO,00529980310,                ,N,Y,Standard,P,60 GG D.F.,7799,Monfalcone,,Y,Y,Y,"Androna del Campanile, 2",Monfalcone,34074,GO,Italy,,,7799,,,
7800,EURONUT S.R.L.,01077680294,01077680294,N,Y,Standard,P,60 GG D.F.F.M.,7800,Lendinara,,Y,Y,Y,"Via Porte di Sopra, 55",Lendinara,45026,RO,Italy,,,7800,, UNICREDIT BANCA IMPRESA      ROVIGO                   ,IT   03226 12200 
7801,EURO COMPANY S.R.L.,00444060396,                ,N,Y,Standard,D,60 GG D.F.F.M.,7801,Godo di Russi,,Y,Y,Y,"VIA FAENTINA, 280",Godo di Russi,48010,RA,Italy,,,7801,, B.POP.DI VERONA FIL.RUSSI    FIL.RUSSI                ,IT   05188 67590 
7802,ELITEL S.P.A.,12505840152,                ,N,Y,Standard,F,30 GG D.F.,7802,Milano,,Y,Y,Y,"Via Mecenate, 90",Milano,20138,MI,Italy,,,7802,, B.INTESA AG.15 MILANO        C/C.N.615202240173       ,IT   03069 09553 
7803,EINGENMANN & VERONELLI SPA,08670900151,                ,N,Y,Standard,P,60 GG D.F.F.M.,7803,Rho,,Y,Y,Y,"Via della Mosa, 6",Rho,20017,MI,Italy,,,7803,,,
7804,ELETTROVENETA S.P.A.,00184820280,00184820280,N,Y,Standard,P,Contanti Consegna,7804,Padova,,Y,Y,Y,"Via della Navigazione Int., 48",Padova,35129,PD,Italy,,,7804,,,
7805,EASY ITALY di La Russa M.,05614430485,LRSMGH53B55A882D,N,Y,Standard,P,Contanti Consegna,7805,Castelfiorentino,,Y,Y,Y,"Via Giachi, 8",Castelfiorentino,50051,FI,Italy,,,7805,,,
7806,EMME IMPIANTI di MARTINETTO STEFANO,01051800314,MRTSFN77R27E098V,N,Y,Standard,P,Contanti Consegna,7806,Gorizia,,Y,Y,Y,"Via Monte Nero, 50",Gorizia,34170,GO,Italy,,,7806,,,
7807,ERIDANIA ITALIA S.p.A.,02663891204,02663891204,N,Y,Standard,D,60 GG D.F.F.M.,7807,Bologna,,Y,Y,Y,"Via degli Agresti, 4/6",Bologna,40132,BO,Italy,,,7807,,,
7809,ELETTROTEST S.R.L.,01006350316,01006350316,N,Y,Standard,P,Contanti Consegna,7809,Turriaco,,Y,Y,Y,"VIA DEI MARUTI, 6",Turriaco,34070,GO,Italy,,,7809,,,
7810,D.M.R. DI DE MONTE IGINIO riparazioni elettrodomestici,00521520312,DMNGNI65S16L483A,N,Y,Standard,P,Contanti Consegna,7810,Gorizia,,Y,Y,Y,"VIA FRIULI, 14",Gorizia,34170,GO,Italy,,,7810,,,
7811,EOLO Spa,02487230126,02487230126,N,Y,Standard,F,Contanti Consegna,7811,Busto Arsizio,02 3700851,y,y,y,"Via Gran San Bernardo, 12",Busto Arsizio,21052,VA,Italy,,02 37008570,7811,,,
7812,ELCON di Andrea Raza,01173280312,RZANDR67T22E098R,N,Y,Standard,T,Contanti Consegna,7812,Gradisca d'Isonzo,347 4640307,y,y,y,"Via Caprin, 12",Gradisca d'Isonzo,34072,GO,Italy,,,7812,,,
7843,FACCI S.A.S. DI BENETTI ALDA  ENZO & C.,00853280246,00853280246,N,Y,Standard,D,60 GG D.F.F.M.,7843,Creazzo,,Y,Y,Y,"VIA PONTE STORTO, 10",Creazzo,36051,VI,Italy,,,7843,, C.RISP.VR/VI/BL/AN           SEDE DI VICENZA          ,IT   06355 11800 
7844,FABBRO S.R.L. COMPUTER DISCOUNT,01585110305,01585110305,N,Y,Standard,P,Contanti Consegna,7844,Udine,,Y,Y,Y,"Piazzale D'Annunzio, 37",Udine,33100,UD,Italy,,,7844,,,
7845,FABBRI 1905 SPA u.s.,00281980375,00281980375,N,Y,Standard,D,60 GG D.F.F.M.,7845,Bologna,051 6173111,Y,Y,Y,"VIA EMILIA PONENTE, 276",Bologna,40132,BO,Italy,commercialeIGP@pec.fabbri1905.com,051 6173322,7845,,,
7850,FRANCESCO CALABRESE & FIGLI SNC,00332060722,00332060722,N,Y,Standard,P,60 GG D.F.F.M.,7850,Ceglie del Campo,,Y,Y,Y,"VIA VINCENZO ROPPO, 93/97",Ceglie del Campo,70129,BA,Italy,,,7850,,,
7852,FISEL SAS DI M.L.LURI & C.,01804400305,01804400305,N,Y,Standard,P,Contanti Consegna,7852,Udine,,Y,Y,Y,"Via S.VALENTINO, 4",Udine,33100,UD,Italy,,,7852,, B.POP.ANTONIANA VENETA                                ,IT   05040 64010 
7853,EXECUTIVE GROUP INTERNATIONAL,02041510302,                ,N,Y,Standard,P,Contanti Consegna,7853,Ronchi dei Legionari,,Y,Y,Y,"Via Tambarin, 12",Ronchi dei Legionari,34077,GO,Italy,,,7853,,,
7854,F.lli MANCINELLI S.P.A.,00761680560,                ,N,Y,Standard,D,60 GG D.F.F.M.,7854,Viterbo,,Y,Y,Y,STRADA POGGINO 85/91,Viterbo,01100,VT,Italy,,,7854,, CA.RI.VIT. AG5      VITERBO                           ,IT   06065 14512 
7855,F.lli MANZI  S.N.C. AUTOTRASPORTI,01304280561,01304280561,N,Y,Standard,P,60 GG D.F.,7855,Montefiascone,,Y,Y,Y,"VIA MADONNELLA, 34",Montefiascone,01027,VT,Italy,,,7855,,,
7857,F.lli GIORDANO  S.N.C. AUTOTRASPORTI,04707120632,04707120632,N,Y,Standard,P,60/90 GG D.F.F.M.,7857,San Giuseppe Vesuviano,,Y,Y,Y,"VIA CITTA' DI FIUME, 17",San Giuseppe Vesuviano,80047,NA,Italy,,,7857,,,
7858,FC F.LLI CANTARIN S.R.L.,00166760314,00166760314,N,Y,Standard,P,Contanti Consegna,7858,Gorizia,,Y,Y,Y,"P.le Medaglie d'oro,11/a",Gorizia,34170,GO,Italy,,,7858,,,
7860,FRANCESCO PARISI S.P.A. Casa di spedizioni,00521770321,                ,N,Y,Standard,P,30 GG D.F.,7860,Trieste,,Y,Y,Y,"Viale Miramare, 5",Trieste,34135,TS,Italy,,,7860,,,
7861,FUSCO MATTEO INGR. PROD. ORTOF.,01712140647,                ,N,Y,Standard,P,60 GG D.F.F.M.,7861,Quindici,,Y,Y,Y,"Via Provinciale, 12",Quindici,83020,AV,Italy,,,7861,, M.PASCHI SIENA F.DI SARNO SA                          ,IT   01030 76480 
7862,F.lli COTZA S.N.C.di COTZA VINICIO E DAVIDE,00429890312,00429890312,N,Y,Standard,P,Contanti Consegna,7862,Gorizia,,Y,Y,Y,"Via Tominz, 10",Gorizia,34170,GO,Italy,,,7862,,,
7864,FARMACIA BACCHETTI di FORNASIN DR. FRANCESCA,00533060315,FRNFNC55D64E098U,N,Y,Standard,P,Contanti Consegna,7864,Farra d'Isonzo,0481 888069,Y,Y,Y,"Via Dante, 58",Farra d'Isonzo,34072,GO,Italy,,,7864,,,
7865,FONTANIN ALBERTO & C.SAS,00382120319,00382120319,N,Y,Standard,P,Contanti Consegna,7865,Gradisca d'Isonzo,,Y,Y,Y,"Via Palmanova, 13",Gradisca d'Isonzo,34072,GO,Italy,,,7865,,,
7866,FE FRIULI ESTINTORI S.R.L,02357730304,02357730304,N,Y,Standard,P,30 GG D.F.,7866,Cervignano del Friuli,,Y,Y,Y,"Via Monfalcone, 33",Cervignano del Friuli,33052,UD,Italy,,,7866,,,
7867,FRUCTUS MERAN AG/SPA,01442410211,01442410211,N,Y,Standard,D,60 GG D.F.F.M.,7867,Vilpiano,0471 676550,Y,Y,Y,"Via S.Schwarz,2",Vilpiano,39010,BZ,Italy,,0471 678350,7867,,,
7869,FUGAR PRODUZIONE S.N.C. DI GANDI U & C.,01331150407,01331150407,N,Y,Standard,P,60 GG D.F.F.M.,7869,Verucchio,,Y,Y,Y,"Via Dogana, 1430",Verucchio,47040,RN,Italy,,,7869,,,
7870,F.LLI SANTORELLI s.r.l. Lavorazione frutta secca,03870961210,                ,N,Y,Standard,T,60 GG D.F.F.M.,7870,Palma Campania,,Y,Y,Y,"Via S.Nicola,193",Palma Campania,80036,NA,Italy,,,7870,,,
7871,FERIMPEX S.R.L. import export,00741320386,00741320386,N,Y,Standard,P,30 GG D.F.,7871,San Martino,,Y,Y,Y,"VIA CHIESA, 32/A",San Martino,44046,FE,Italy,,,7871,,,
7872,FICACCI ROMEO S.R.L. IMPORT EXPORT,02026931002,08337170586,N,Y,Standard,D,60 GG D.F.F.M.,7872,Castel Madama,0774 411400,Y,Y,Y,"Via EMPOLITANA KM 6,350",Castel Madama,00024,RM,Italy,,0774 411410,7872,, BANCA DI ROMA AG.DI TIVOLI   AG.DI TIVOLI             ,IT   30023 39456 
7874,FRANZESE S.R.L. IND. CONSERVE ALIMENTARI,01282851219,                ,N,Y,Standard,D,60 GG D.F.F.M.,7874,Palma Campania,,Y,Y,Y,"Via Traverse Corso Nuovo,33",Palma Campania,80036,NA,Italy,,,7874,, BANCA NAZIONALE DEL LAVORO   FIL.NOLA                 ,IT   01005 40020 
7875,FANCIULLI FRANCESCO,02999580273,                ,N,Y,Standard,P,60/90 GG D.F.F.M.,7875,Tombelle,,Y,Y,Y,"VIA PADOVA, 138",Tombelle,30030,VE,Italy,,,7875,,,
7876,FAZI BATTAGLIA S.P.A.,00077940427,                ,N,Y,Standard,P,60 GG D.F.F.M.,7876,Roma,,Y,Y,Y,"Largo Amilcare Ponchielli, 6",Roma,00198,RM,Italy,,,7876,,,
7877,FB  S.R.L.,03552770269,03552770269,N,Y,Standard,D,60 GG D.F.F.M.,7877,Nervesa della Battaglia,0422 881801,Y,Y,Y,"Via Montello, 23",Nervesa della Battaglia,31040,TV,Italy,fbsrl@legalmail.it,0422 724916,7877,,,
7879,F.LLI RUATA S.R.L.,02195010042,02195010042,N,Y,Standard,D,60 GG D.F.F.M.,7879,Baldissero d'Alba,,Y,Y,Y,107 IPPODROMO DEL ROERO,Baldissero d'Alba,12040,CN,Italy,,,7879,, UNICREDIT BANCA IMPRESA      AG. BRA                  ,IT   03226 46040 
7880,F.LLI COMARO DI COMARO Claudio,00959140302,00959140302,N,Y,Standard,D,60 GG D.F.F.M.,7880,Reana del Rojale,,Y,Y,Y,"Via Nanino,31",Reana del Rojale,33010,UD,Italy,,,7880,,,
7882,FREE SYSTEM di Cozza Francesco CONCESSIONARIA KIRBY,02512230794,                ,N,Y,Standard,P,Contanti Consegna,7882,Sacile,,Y,Y,Y,"Viale Zancanaro, 28",Sacile,33077,PN,Italy,,,7882,,,
7883,F.LLI VENTURI S.R.L.,02934560547,02934560547,N,Y,Standard,P,60 GG D.F.F.M.,7883,Spoleto,,Y,Y,Y,"VIA DEGLI ULIVI, 16",Spoleto,06049,PG,Italy,,,7883,,,
7884,FLYERALARM SRL,02540810211,02540810211,N,Y,Standard,P,30 GG D.F.,7884,Bolzano,,Y,Y,Y,"Viale Druso/Drususallee,265",Bolzano,39100,BZ,Italy,,,7884,,,
7885,FRIULCOMPUTER,02807370305,02807370305,N,Y,Standard,P,30 GG D.F.,7885,Reana del Rojale,0432 574288,Y,Y,Y,"Via Nazionale, 21",Reana del Rojale,33010,UD,Italy,,0432 574266,7885,,,
7888,FLORIO EREDI DI FLORIO FELICE,02301560021,02301560021,N,Y,Standard,D,60 GG D.F.F.M.,7888,Cassano Magnago,,Y,Y,Y,"VIA A. BONICALZA, 178",Cassano Magnago,21012,VA,Italy,,,7888,,,
7889,FARINE VARVELLO & Co. SRL,06174830965,06174830965,N,Y,Standard,D,60 GG D.F.F.M.,7889,Milano,0381 570446,Y,Y,Y,"PIAZZA CASTELLO, 2",Milano,20121,MI,Italy,commerciale@farinevarvello.com,0523 384640,7889,,,
7890,FixToFix Villesse TSN s.r.l.,02741000307,02741000307,N,Y,Standard,P,Contanti Consegna,7890,Udine,0481 91200,Y,Y,Y,"Via Solferino, 20",Udine,33100,UD,Italy,,,7890,,,
7968,GRAFICA GORIZIANA  S.N.C. PELICON & CEVDEK,00041040312,00041040312,N,Y,Standard,P,30 GG D.F.,7968,Gorizia,,Y,Y,Y,"VIA A.GREGORIC, 181",Gorizia,34170,GO,Italy,,,7968,,,
7969,GRADENIGO VITTORIO DOTT. COMMERCIALISTA,00414220319,GRDVTR52S20C556A,N,Y,Standard,P,60 GG D.F.F.M.,7969,Gorizia,0481 534787,Y,Y,Y,"P.ZZA DELLA VITTORIA, 41",Gorizia,34170,GO,Italy,studiogradenigo@egoservizi.it,0481 30111,7969,, FRIULADRIA CREDIT AGRICOLE   GORIZIA IT74             ,IT   05336 12400 
7970,GRUNINGER AG,           ,CHE-106.909.406 ,N,Y,Standard,T,60 GG D.F.F.M.,7970,MITLODI,,Y,Y,Y,INDUSTRIE WEST 2,MITLODI,8756,SVI,Italy,,,7970,, UBS DEUTSCHLAND AG           FRANKFURT                ,IT   02200 85100 
7971,GEMMA S.R.L.,01145130330,01145130330,N,Y,Standard,P,Contanti Consegna,7971,Piacenza,0523 454415,Y,Y,Y,"VIA V.LODIGIANI, 20",Piacenza,29121,PC,Italy,quintagamma@riverfrut.com,0523 713752,7971,,,
7972,GMC S.A.S. DI COLOMBO GIANPAOLO & C.,01559440134,01559440134,N,Y,Standard,T,60 GG D.F.F.M.,7972,Longone al Segrino,,Y,Y,Y,VIA MORCHIUSO 13,Longone al Segrino,22030,CO,Italy,,,7972,,,
7974,PAOLO GRATTON S.R.L. CONC. FORD,00439210311,00439210311,N,Y,Standard,P,60/90 GG D.F.F.M.,7974,Gorizia,,Y,Y,Y,"VIA AQUILEIA, 42",Gorizia,34170,GO,Italy,,,7974,,,
7983,GIRASOLE SRL,01389210335,01389210335,N,Y,Standard,P,60 GG D.F.F.M.,7983,Fiorenzuola d'Arda,,Y,Y,Y,"Via Oberdan, 4L",Fiorenzuola d'Arda,29017,PC,Italy,,,7983,,,
7984,GRENDENE FIRMINO SNC DI GRENDENE GIULIANO E C.,00457160315,00457160315,N,Y,Standard,P,Contanti Consegna,7984,Gorizia,0481 520363,Y,Y,Y,"VIA CAMPAGNUZZA, 27",Gorizia,34170,GO,Italy,,,7984,,,
7985,PURATOS ITALIA S.R.L. SOCIETA' UNIPERSONALE,00346560493,00346560493,N,Y,Standard,D,60 GG D.F.F.M.,7985,Parma,0521 387950,Y,Y,Y,VIA LUMIERE FRATELLI 37/A,Parma,43122,PR,Italy,,0521 387950,7985,, BANCA TOSCANA  LIVORNO       FIL. LIVORNO             ,IT   03400 13900 
7988,GAVIRAGHI GIUSEPPE S.N.C. DI CAVIRAGHI ANDREA & C.,02348360963,02348360963,N,Y,Standard,D,60 GG D.F.F.M.,7988,Concorezzo,,Y,Y,Y,"Via G.Pascoli, 1",Concorezzo,20863,MB,Italy,,,7988,,,
7989,GEOM. ROIZ ROBERTO,00397470311,RZORRT62S05E098H,N,Y,Standard,P,Contanti Consegna,7989,Gorizia,0481 537137,Y,Y,Y,VIA DON BOSCO 97/A,Gorizia,34170,GO,Italy,,0481 537137,7989,,,
7991,GIULIO FRANZESE S.R.L.,02553391216,02553391216,N,Y,Standard,P,60 GG D.F.F.M.,7991,Carbonara di Nola,,Y,Y,Y,"Via Sansonetto, 20",Carbonara di Nola,80030,NA,Italy,,,7991,,,
7992,GIACOMO RONZAT S.P.A. FIL.ILDI,00071400931,                ,N,Y,Standard,P,Contanti Consegna,7992,Spilimbergo,,Y,Y,Y,"Via S.Giovanni Eremita, 36",Spilimbergo,33097,PN,Italy,,,7992,,,
7994,GALOPPI GIOVANNI AVVOCATO,04819720584,                ,N,Y,Standard,P,Contanti Consegna,7994,Roma,,Y,Y,Y,"Via Gregoriana, 56",Roma,00187,RM,Italy,,,7994,,,
7995,GE. CO.,00533300315,                ,N,Y,Standard,P,Contanti Consegna,7995,Gorizia,,Y,Y,Y,"Via Randaccio, 6",Gorizia,34170,GO,Italy,,,7995,,,
7996,GALBUSERA F.LLI S.A.S. DI GALBUSERA ANGELO E C.,00220760136,00220760136,N,Y,Standard,D,60 GG D.F.F.M.,7996,Casatenovo,039 9960003,Y,Y,Y,"Via S. Carlo, 9",Casatenovo,23880,LC,Italy,,039 9960204,7996,,,
7997,GASTALDI Tours,02255740108,02255740108,N,Y,Standard,P,30 GG D.F.,7997,Genova,,Y,Y,Y,"Mura di S.Chiara, 1",Genova,16128,GE,Italy,,,7997,,,
7999,GASTALDI GLOBAL S.P.A.,12027860159,                ,N,Y,Standard,P,30 GG D.F.,7999,Assago,,Y,Y,Y,Milanofiori Palazzo E4,Assago,20090,MI,Italy,,,7999,,,
8000,GUERRA S.P.A.,01638541001,06884210581,N,Y,Standard,D,60 GG D.F.F.M.,8000,Pomezia,06 91984607,Y,Y,Y,"Via di Valle Caia,39 S.Palomba",Pomezia,00071,RM,Italy,guerra-vendite@pec.it,06 91984526,8000,,,
8001,GAM SRL PRODUZIONE MOSTARDA,01939480206,01939480206,N,Y,Standard,P,60 GG D.F.F.M.,8001,Cizzolo,,Y,Y,Y,"VAI MONTESAURO, 36",Cizzolo,46030,MN,Italy,,,8001,,,
8002,GALLI S.R.L.,00348820341,00348820341,N,Y,Standard,P,60 GG D.F.F.M.,8002,Zibello,0524 95123,Y,Y,Y,"VIA VERDI, 10 - PIETOVILLE",Zibello,43010,PR,Italy,acquisti@egalli.it,0524 95024,8002,,,
8003,GRUPPO NOVELLI S.R.L.,00633090550,01834950543,N,Y,Standard,P,60 GG D.F.F.M.,8003,Terni,,Y,Y,Y,"VIA DEL COMMERCIO, 22",Terni,05100,TR,Italy,,,8003,,,
8004,GRAFICHE NORDEST S.A.S.,01069327038,01069327038,N,Y,Standard,P,30 GG D.F.,8004,Gorizia,,Y,Y,Y,Via IV Novembre 5/g,Gorizia,34170,GO,Italy,,,8004,,,
8005,GARDEN SERVICE DUE DI LUCIA MAURI,01089960312,MRALCU56D65E098U,N,Y,Standard,P,Contanti Consegna,8005,Farra d'Isonzo,0481 888173,Y,Y,Y,"VIA GORIZIA, 162",Farra d'Isonzo,34072,GO,Italy,,,8005,,,
8108,OLEIFICIO MONIGA DEL GARDA SRL,02003590987,02003590987,N,Y,Standard,P,60 GG D.F.F.M.,8108,Moniga del Garda,,Y,Y,Y,"VIA NAMPONTI, 3/A",Moniga del Garda,25080,BS,Italy,,,8108,,,
8113,MAZZA ALIMENTARI S.R.L.,01682370984,01682370984,N,Y,Standard,D,60 GG D.F.F.M.,8113,Carpenedolo,,Y,Y,Y,"VIA 4 NOVEMBRE, 36",Carpenedolo,25013,BS,Italy,,,8113,,,
8131,TECOM di BRANDOLIN GIORGIO,01070500317,BRNGRG49L19E098E,N,Y,Standard,P,30 GG D.F.,8131,Gorizia,,Y,Y,Y,"Via A. Manzoni, 17/2",Gorizia,34170,GO,Italy,,,8131,, CRED. COOP. CAPRIVA          GORIZIA                  ,IT   08622 12402 
8132,S.R.G. S.R.L.HOTEL TRIESTE,02201900400,02201900400,N,Y,Standard,P,Contanti Consegna,8132,Rimini,,Y,Y,Y,"VIALE TRIESTE, 4",Rimini,47900,RN,Italy,,,8132,,,
8134,PRONTOAUTO SPA,00434900304,00434900304,N,Y,Standard,P,30 GG D.F.,8134,Tarcento,,Y,Y,Y,"SS 13 PONTEBBANA KM 146,400",Tarcento,33017,UD,Italy,,,8134,,,
8185,MOUL-BE ITALIA SRL,02359310048,10102500153,N,Y,Standard,P,60 GG D.F.F.M.,8185,Bra,,Y,Y,Y,"VIA PIUMATI, 207",Bra,12042,CN,Italy,,,8185,,,
8187,INTEREGGS DISTRIBUTION S.R.L.,03240940407,02841760164,N,Y,Standard,P,30 GG D.F.,8187,Mordano,,Y,Y,Y,"VIA VALENTONIA, 7",Mordano,40027,BO,Italy,,,8187,, CASSA RISP. FORLI' E ROMAGNA                          ,IT   06010 23800 
8188,IN'S MERCATO S.P.A.,02896940273,00115180283,N,Y,Standard,P,Contanti Consegna,8188,Pianiga,041 5136111,Y,Y,Y,"VIA VENETO,9",Pianiga,30030,VE,Italy,,,8188,,,
8189,ISTITUTO DI GUIDA DI,01057110312,01057110312,N,Y,Standard,P,30 GG D.F.,8189,Gorizia,,Y,Y,Y,"VIA NIZZA, 9",Gorizia,34170,GO,Italy,,,8189,,,
8192,INPS,02121151001,80078750587,N,Y,Standard,P,30 GG D.F.,8192,Gorizia,,Y,Y,Y,"P.ZZA DELLA VITTORIA, 1",Gorizia,34170,GO,Italy,,,8192,,,
8193,ITAVEX  S.P.A.,00139630560,                ,N,Y,Standard,P,30 GG D.F.,8193,Caprarola,,Y,Y,Y,Zona Industriale,Caprarola,01032,VT,Italy,,,8193,,,
8196,INTERGRAFICA PUBBLIC. S.N.C.di R. NOVACCO & C.,00577670326,                ,N,Y,Standard,P,30 GG D.F.,8196,Trieste,,Y,Y,Y,"VIA G.VASARI, 19",Trieste,34129,TS,Italy,,,8196,,,
8197,IPSA S.P.A.,00354930448,                ,N,Y,Standard,P,60 GG D.F.F.M.,8197,Castignano,,Y,Y,Y,"Via Rufiano, 29",Castignano,63072,AP,Italy,,,8197,, B.NAZIONALE DEL LAVORO DI AP SEDE ASCOLI PICENO       ,IT   01005 13500 
8198,ING. LIVIO OPPIERI,00077710317,                ,N,Y,Standard,P,Contanti Consegna,8198,Gorizia,,Y,Y,Y,"Corso Italia, 255/1",Gorizia,34170,GO,Italy,,,8198,,,
8199,IL PUNTO FREDDO di Umberto,00842360323,00842360323,N,Y,Standard,P,60 GG D.F.F.M.,8199,San Dorligo della Valle - Dolina,040 8325114,Y,Y,Y,Loc.Bagnoli della Rosandra 606,San Dorligo della Valle - Dolina,34018,TS,Italy,,040 8326357,8199,,,
8200,IMOCO SPA IND. MOD. CONTINUI,02360180265,02360180265,N,Y,Standard,D,30 GG D.F.F.M.,8200,Villorba,,Y,Y,Y,"Via Postioma, 71",Villorba,31020,TV,Italy,,,8200,,,
8201,ITALPINOLI DEI F.LLI PADUANO SRL,01496711217,01496711217,N,Y,Standard,T,60 GG D.F.F.M.,8201,Torre del Greco,,Y,Y,Y,"Via Giovanni XXIII, 44",Torre del Greco,80059,NA,Italy,,,8201,, BANCA DI ROMA FIL.SABAUDIA   FIL: SABAUDIA            ,IT   03002 74110 
8202,IMPIANTI IDROTERMOELETTRICI DI P.I. PILLON & C.,00514940311,                ,N,Y,Standard,P,30 GG D.F.,8202,Gorizia,,Y,Y,Y,"Via Giulio Cesare, 8",Gorizia,34170,GO,Italy,,,8202,,,
8203,ITALKALI S.P.A.,02425570823,02425570823,N,Y,Standard,D,60 GG D.F.F.M.,8203,Palermo,,Y,Y,Y,"Via P.pe Granatelli, 46",Palermo,90139,PA,Italy,,,8203,,,
8204,IMPIANTI TECNOLOGICI DI GIANCARLO RICCO,01062230311,RCCGCR69C16Z133T,N,Y,Standard,P,30 GG D.F.,8204,Gorizia,0481 390827,Y,Y,Y,VIA B.G. DI SARDEGNA 15/A,Gorizia,34170,GO,Italy,riccogian@libero.it,,8204,, BANCA POP. VICENZA           AG. VIGEVANO             ,IT   05728 23001 
8205,ITAL-NOCCIOLE S.R.L.,02725171215,                ,N,Y,Standard,D,60 GG D.F.F.M.,8205,Palma Campania,,Y,Y,Y,"Via S. Martino, 31",Palma Campania,80036,NA,Italy,,,8205,,,
8206,INTERPUL GmbH-Srl,01350730212,                ,N,Y,Standard,P,60 GG D.F.,8206,Lana,,Y,Y,Y,Via Merano 25 MeranerstraBe,Lana,39011,BZ,Italy,,,8206,,,
8207,ICEBERG DI BRAG IGOR,00503500316,                ,N,Y,Standard,P,30 GG D.F.,8207,Sagrado,,Y,Y,Y,"VIA S.PELLICO, 11",Sagrado,34078,GO,Italy,,,8207,,,
8208,IDEAL PAST DI GINTOLI & C.SNC,00971430889,00971430889,N,Y,Standard,P,60 GG D.F.F.M.,8208,Modica,,Y,Y,Y,"S.S.115 VIA VANELLA 106, 67",Modica,97015,RG,Italy,,,8208,, B.AGRICOLA POP.DI RAGUSA     SUCC.MODICA              ,IT   50369 84480 
8209,IN.AL.PI. SPA,00513800045,                ,N,Y,Standard,D,60 GG D.F.F.M.,8209,Moretta,,Y,Y,Y,"Via Cuneo, 38",Moretta,12033,CN,Italy,,,8209,,,
8210,ICECENTER-BAKO GMBH SRL,01408050217,                ,N,Y,Standard,P,60 GG D.F.F.M.,8210,Bolzano,,Y,Y,Y,ENRICO FERMI STRABE 30,Bolzano,39100,BZ,Italy,,,8210,,,
8211,WIND TRE SPA,13378520152,02517580920,N,Y,Standard,F,30 GG D.F.,8211,Trezzano sul Naviglio,139 ,Y,Y,Y,"VIA LEONARDO DA VINCI, 1",Trezzano sul Naviglio,20090,MI,Italy,servizioaziende@tre.it,,8211,,,
8212,INAGRA S.R.L.,01310060353,01310060353,N,Y,Standard,P,60 GG D.F.F.M.,8212,Reggio Emilia,,Y,Y,Y,"VIA PASTEUR, 2",Reggio Emilia,42122,RE,Italy,,,8212,,,
8213,HOTEL RISTORANTE LA' DI MORET SAS DI FRANCO MARINI,01199460302,01199460302,N,Y,Standard,P,Contanti Consegna,8213,Udine,,Y,Y,Y,"VIALE TRICESIMO, 276",Udine,33100,UD,Italy,,,8213,,,
8214,I.F.S. & PARTNERS SRL GLF,02905580961,02905580961,N,Y,Standard,P,60 GG D.F.F.M.,8214,Conselice,,Y,Y,Y,"VIA GARDIZZA, 9/B",Conselice,48017,RA,Italy,,,8214,,,
8215,HARPES S.R.L.,02248930063,02248930063,N,Y,Standard,D,60 GG D.F.F.M.,8215,Castellazzo Bormida,0131 217264,Y,Y,Y,VIA BAUDOLINO GIRAUDI 340-336,Castellazzo Bormida,15073,AL,Italy,harpes@pec.it,0131 217264,8215,,,
8217,INDORS SNC DI INCISO,02755960305,02755960305,N,Y,Standard,P,30 GG D.F.,8217,Pavia di Udine,,Y,Y,Y,"V.LE GRADO, 54/12 LAUZACCO",Pavia di Udine,33050,UD,Italy,,,8217,,,
8218,INTECH S.R.L. PERSONAL COMPUTERS,01725320301,01725320301,N,Y,Standard,P,60 GG D.F.F.M.,8218,Tavagnacco,,Y,Y,Y,"VIA E.FERMI, 72",Tavagnacco,33010,UD,Italy,,,8218,,,
8219,ITUNES S.A. R.L. ID APPLE,           ,0LU20165772      ,N,Y,Standard,K,Contanti Consegna,8219,LUXEMBOURG,,Y,Y,Y,RUE SAINTE ZITHE 31-33,LUXEMBOURG,2763,LUX,Italy,,,8219,,,
,INVENTA SNC                   ,01124770312,01124770312,N,Y,Standard,P,Contanti Consegna,,MEDEA               ,3355327729,Y,Y,Y,VIA ZORUTTI 16                ,MEDEA               ,,GO,Italy,inventa-net@legalmail.it,,,,,
8221,IDEMPIERE CONSULTING S.R.L.,04863300267,04863300267,N,Y,Standard,D,60 GG D.F.F.M.,8221,COLLE UMBERTO,0438 1890684,Y,Y,Y,"VIA DEL MARANGON, 10",COLLE UMBERTO,,TV,Italy,info@idempiere.consulting,,8221,,,
8309,KERRY INGRIEDIENTS & FLAVOURS IATLIA SPA,01905590640,04797390152,N,Y,Standard,P,30 GG D.F.,8309,Mozzo,,Y,Y,Y,VIA CAPITANI DI MOZZO  12/16,Mozzo,24030,BG,Italy,,,8309,,,
8310,KUSTERLE GIOVANNI S.N.C.,00081030314,00081030314,N,Y,Standard,P,30 GG D.F.,8310,Gorizia,,Y,Y,Y,VIA LUNGO IS.ARGENTINA 49,Gorizia,34170,GO,Italy,,,8310,,,
8311,DOMENICHELLI S.R.L. DISTRIBUZIONE,11045690150,                ,N,Y,Standard,P,30 GG D.F.,8311,Milano,,Y,Y,Y,"Via Don Minzoni, 10",Milano,20158,MI,Italy,,,8311,,,
8312,DULCISTAR S.R.L.,07994400153,07994400153,N,Y,Standard,D,60 GG D.F.F.M.,8312,Milano,,Y,Y,Y,"P.le Lugano, 29",Milano,20158,MI,Italy,,,8312,,,
8313,IRIS ISONTINA RETI INTEGR. SERVIZI,01070220312,01070220312,N,Y,Standard,F,Contanti Consegna,8313,Gorizia,0481 93131,Y,Y,Y,"Via IX Agosto, 15",Gorizia,34170,GO,Italy,,0481 960336,8313,,,
8314,IREKS ITALIA S.R.L.,00806880159,00806880159,N,Y,Standard,D,60 GG D.F.F.M.,8314,Paderno Dugnano,02 9106631,Y,Y,Y,"VIA CADORNA, 65",Paderno Dugnano,20037,MI,Italy,,02 9041841,8314,,,
8315,IKEA ITALIA RETAIL SRL,02992760963,11574560154,N,Y,Standard,P,Contanti Consegna,8315,Carugate,,Y,Y,Y,STRADA PROVINCIALE 208 N°3,Carugate,20061,MI,Italy,,,8315,,,
8316,JARC NEVIO S.P.,           ,SI44173318      ,N,Y,Standard,P,30 GG D.F.,8316,DORNBERK,,Y,Y,Y,ZALOSCE 23,DORNBERK,5294,SLO,Italy,,,8316,,,
8317,KONDITAL S.R.L.,08446200969,08446200969,N,Y,Standard,D,60 GG D.F.F.M.,8317,Milano,,Y,Y,Y,CORSO GENOVA 6,Milano,20123,MI,Italy,,,8317,,,
8318,"HOTEL RISTORANTE  ""AI DUE LEONI""",00528210313,BLDPLA69H03E098O,N,Y,Standard,P,Contanti Consegna,8318,Farra d'Isonzo,0481 888037,Y,Y,Y,VIA VERDI 55/57,Farra d'Isonzo,34072,GO,Italy,info@aidueleoni.go.it,,8318,,,
8338,F.LLI PELLEGRINO S.N.C. DI PELLEGRINO C & M.,01034020311,01034020311,N,Y,Standard,P,30 GG D.F.,8338,San Lorenzo Isontino,,Y,Y,Y,"Via I maggio, 1",San Lorenzo Isontino,34070,GO,Italy,,,8338,,,
8371,LLOYD ADRIATICO S.P.A.,00104230321,                ,N,Y,Standard,P,30 GG D.F.,8371,Trieste,,Y,Y,Y,LARGO U.IRNERI 1,Trieste,34123,TS,Italy,,,8371,,,
8374,LEOCHIMICA S.N.C. di FAITA & C.,00423540939,                ,N,Y,Standard,P,60 GG D.F.F.M.,8374,Orcenico Inferiore,,Y,Y,Y,Via Viatta 1,Orcenico Inferiore,33080,PN,Italy,,,8374,,,
8375,LA GENTILE  S.R.L.,00671710044,00671710044,N,Y,Standard,D,60 GG D.F.F.M.,8375,Cortemilia,,Y,Y,Y,STRADA BERGOLO 29,Cortemilia,12074,CN,Italy,,,8375,, BANCA REGIONALE EUROPEA SPA  AG DI CORTEMILIA         ,IT   06906 46230 
8376,LA LIGURE FORMAGGI SAS DI BELLANDO FRANCESCO & C.,00738550110,00738550110,N,Y,Standard,P,60 GG D.F.F.M.,8376,CALERNO DI San ilario,,Y,Y,Y,"VIA RIVASI, 18",CALERNO DI San ilario,42040,RE,Italy,,,8376,, BANCA DI CREDITO DI TRIESTE                           ,IT   03172 02200 
8377,LEASINT S.P.A.,01682080153,01682080153,N,Y,Standard,F,30 GG D.F.,8377,Milano,,Y,Y,Y,"VIA MONTEBELLO, 18",Milano,20121,MI,Italy,,,8377,,,
8378,LAPED SNC DI PASTORELLO C.& F.,01019940285,01019940285,N,Y,Standard,D,60 GG D.F.F.M.,8378,Ospedaletto Euganeo,,Y,Y,Y,"Via Giuseppe Di Vittorio, 3",Ospedaletto Euganeo,35045,PD,Italy,,,8378,,,
8379,LIVON P.I. ENNIO STUDIO IMPIANTI,01567000300,                ,N,Y,Standard,P,30 GG D.F.,8379,Cervignano del Friuli,,Y,Y,Y,"Via Trieste, 7",Cervignano del Friuli,33052,UD,Italy,,,8379,,,
8380,LURI MASSIMO,           ,                ,N,Y,Standard,P,30 GG D.F.,8380,Udine,,Y,Y,Y,"Via Aquileia, 73",Udine,33100,UD,Italy,,,8380,,,
8381,LINEA GEL ITALIANA S.R.L.,03483150268,03483150268,N,Y,Standard,D,60 GG D.F.F.M.,8381,Ponzano Veneto,,Y,Y,Y,"VIA CASTAGNOLE, 14",Ponzano Veneto,31050,TV,Italy,,,8381,,,
8382,LAGANA' VINCENZO LAVORAZIONE PRODOTTI,00345370803,                ,N,Y,Standard,D,60 GG D.F.F.M.,8382,Lazzarao,,Y,Y,Y,Strada Statale 106 KM.16.600,Lazzarao,89062,RC,Italy,,,8382,, B.AMBROSIANO VENETO          FIL.PELLARO RC           ,IT   03001 16301 
8383,LUCHIN ANGELO S.R.L.,00980170286,00980170286,N,Y,Standard,P,60 GG D.F.F.M.,8383,Rubano,049 8975688,Y,Y,Y,"VIA PITAGORA, 10/A",Rubano,35030,PD,Italy,,049 8975413,8383,, C.RISPARMIO DI PD/RO         AG. DI TENCAROLA PD      ,IT   06225 62891 
8384,LATTANZI S.R.L. AGROALIMENTARI,02141180410,02141180410,N,Y,Standard,D,60 GG D.F.F.M.,8384,Novafeltria,0541 921116051,Y,Y,Y,VIA CA'DEL VENTO 287,Novafeltria,47863,RN,Italy,info@mielattanzi.it,0541 926000,8384,,,
8385,L.M.G. DI ANTONUTTI & CECCARELLI,00392170932,                ,N,Y,Standard,P,60 GG D.F.F.M.,8385,Zoppola,,Y,Y,Y,"Via Ponte Meduna, 21",Zoppola,33080,PN,Italy,,,8385,,,
8387,F.lli LOMBARDO Fu Giuseppe & C. SRL,00061510814,00061510814,N,Y,Standard,D,60 GG D.F.F.M.,8387,Marsala,0923 721666,Y,Y,Y,Via Vincenzo Florio 17,Marsala,91025,TP,Italy,info@lombardowines.it,0923 981560,8387,,,
8390,LA TORRENTE S.R.L.,01551351214,00853910651,N,Y,Standard,D,60 GG D.F.F.M.,8390,Sant'Antonio Abate,,Y,Y,Y,"Via Paludicella, 3",Sant'Antonio Abate,80057,NA,Italy,,,8390,, MONTE DEI PASCHI DI SIENA    FIL.DI ANGRI SA          ,IT   01030 76040 
8391,L'OASI DEL DOLCE DI DI GREGOLI V. & C. SNC,00407700319,00407700319,N,Y,Standard,D,60 GG D.F.F.M.,8391,Capriva del Friuli,0481 809733,Y,Y,Y,"VIA CAVOUR,28/30/32",Capriva del Friuli,34070,GO,Italy,,0481 809848,8391,,,
8392,LA SERIGRAFIA SAS DI BERNARDINI FILIPPO & C.,03733860278,03733860278,N,Y,Standard,D,30 GG D.F.F.M.,8392,Portogruaro,,Y,Y,Y,"VIA ABATE ADELBERGO, 14",Portogruaro,30026,VE,Italy,,,8392,,,
8431,MISCO  ITALY COMPUTER SUPPLIES,08376630151,08376630151,N,Y,Standard,K,Contanti Consegna,8431,Lacchiarella,,Y,Y,Y,IL GIRASOLE U.d.V. 2-01,Lacchiarella,20084,MI,Italy,,,8431,,,
8432,MIO WALTER EREDI DI MIO PAOLO SAS,01345010308,01345010308,N,Y,Standard,P,Contanti Consegna,8432,Udine,,Y,Y,Y,"VIA AQUILEIA,90",Udine,33100,UD,Italy,,,8432,,,
8433,MIVAX d.o.o. & Rent a Car,           ,SI39974499      ,N,Y,Standard,P,Contanti Consegna,8433,Nova Gorica,,Y,Y,Y,UL. TOLMINSKIH PUNTARJEV 4,Nova Gorica,5000,SLO,Italy,,,8433,,,
8434,CONFORAMA ITALIA SPA- Emmezeta,13401220150,13401220150,N,Y,Standard,P,Contanti Consegna,8434,Milano,,Y,Y,Y,"Via Tortona, 25",Milano,20144,MI,Italy,,,8434,,,
8437,MAXICARTA  S.R.L.,00163400310,00163400310,N,Y,Standard,P,Contanti Consegna,8437,Gorizia,0481 20831,Y,Y,Y,"VIA GARZAROLLI, 197/199",Gorizia,34170,GO,Italy,,0481 21516,8437,,,
8439,MAGNOBERTA  S.A.S. di Luparia R. & figli,00452380066,00452380066,N,Y,Standard,D,60 GG D.F.F.M.,8439,Casale Monferrato,,Y,Y,Y,VIA ASTI 6,Casale Monferrato,15033,AL,Italy,,,8439,,,
8442,MARVAL SRL Grand Hotel Europa ,00858030117,00858030117,N,Y,Standard,P,Contanti Consegna,8442,Torino,,Y,Y,Y,"Corso Re Umberto I, 13",Torino,10100,TO,Italy,,,8442,,,
8443,MADI VENTURA S.P.A.,03815480102,03815480102,N,Y,Standard,D,60 GG D.F.F.M.,8443,Genova,039 10599431,Y,Y,Y,"VIA SAN VICENZO, 2",Genova,16121,GE,Italy,,039 105954579,8443,,,
8450,MAIA AGROINDUSTRIALE SRL,00898690268,00898690268,N,Y,Standard,D,30 GG D.F.F.M.,8450,Pieve di Soligo,,Y,Y,Y,"VIA VERIZZO, 10",Pieve di Soligo,31053,TV,Italy,,,8450,,,
8452,MACORATTI PLAST DI Macoratti Federica,02250780307,MCRFRC67P67G284P,N,Y,Standard,P,60/90 GG D.F.F.M.,8452,Santa Maria La Longa,,Y,Y,Y,"V.LE PALMANOVA, 29",Santa Maria La Longa,33050,UD,Italy,,,8452,,,
8453,MARTELLATO SNC di MARTELLATO Alessandro & Dario,02327740284,02327740284,N,Y,Standard,D,60 GG D.F.F.M.,8453,Noventa Padovana,,Y,Y,Y,Via G.Marconi 46,Noventa Padovana,35027,PD,Italy,,,8453,,,
8455,MIELE PIU' S.A.S. di Landolfi Alfonso,09916970156,09916970156,N,Y,Standard,D,60 GG D.F.F.M.,8455,Buccinasco,,Y,Y,Y,"Via L. Da Vinci, 3",Buccinasco,20090,MI,Italy,,,8455,,,
8457,MUCCHIUT ROBERTO Azienda Agricola,00389230319,                ,N,Y,Standard,P,Contanti Consegna,8457,Cormons,,Y,Y,Y,"Via Zanetti, 29",Cormons,34071,GO,Italy,,,8457,,,
8458,MOTORSPORT S.R.L.,02629190279,02629190279,N,Y,Standard,P,60/90 GG D.F.F.M.,8458,Mestre,,Y,Y,Y,"Via Orlanda, 8/D",Mestre,30173,VE,Italy,,,8458,,,
8460,MEDIA '90 S.R.L. Trading & Distr.,02199070232,02199070232,N,Y,Standard,P,Contanti Consegna,8460,Assago,,Y,Y,Y,"Via De Vecchi, 34/36",Assago,20090,MI,Italy,,,8460,,,
8461,MACARO SERGIO Impresa Edile,00184790319,MCRSRG61P01E098I,N,Y,Standard,P,60/90 GG D.F.F.M.,8461,Cormons,328 2995976,Y,Y,Y,"Via Pozzetto, 1/B interno 1",Cormons,34071,GO,Italy,,0481 61156,8461,,,
8462,MURANO S.P.A. Frutta Secca ,00652400631,                ,N,Y,Standard,D,60 GG D.F.F.M.,8462,Pomigliano d'Arco,,Y,Y,Y,"VIA DELLE PUGLIE, 187",Pomigliano d'Arco,80038,NA,Italy,,,8462,, MONTE DEI PASCHI SIENA       AG.POMIGLIANO D'ARCO NA  ,IT   01030 40070 
8466,MACINAZIONE LENDINARA S.P.A.,00041310293,00041310293,N,Y,Standard,D,60 GG D.F.F.M.,8466,Lendinara,,Y,Y,Y,"Via Caduti sul lavoro, 31",Lendinara,45026,RO,Italy,,,8466,,,
8467,METRO Self Service,02577590967,                ,N,Y,Standard,P,Contanti Consegna,8467,Tavagnacco,,Y,Y,Y,"Via Alfieri, 3",Tavagnacco,33010,UD,Italy,,,8467,,,
8468,MAELAROSSO INCENTIVE AND  CONGRESS SRL,03546700968,                ,N,Y,Standard,P,30 GG D.F.,8468,Milano,,Y,Y,Y,"VIA PRIVATA A. ANTONELLI, 3",Milano,20139,MI,Italy,,,8468,,,
8469,MERCEDES-BENZ FINANCIAL SERVICES,01123081000,02828850582,N,Y,Standard,F,60/90 GG D.F.F.M.,8469,Roma,,Y,Y,Y,"Via G.Vincenzo Bona, 110",Roma,00156,RM,Italy,,,8469,,,
8470,MA.PR.I.COM.S.P.A,00758580104,                ,N,Y,Standard,D,60 GG D.F.F.M.,8470,Genova,,Y,Y,Y,"Via Zara, 37/5",Genova,16145,GE,Italy,,,8470,, CREDITO ITALIANO             AG. 1 GENOVA             ,IT   14001 20081 
8471,MANFREDINI MARIO S.R.L. Apicoltura,01963000367,01963000367,N,Y,Standard,D,60 GG D.F.F.M.,8471,Pavullo nel Frignano,0536 21278,Y,Y,Y,Via Giardini Nord 161,Pavullo nel Frignano,41026,MO,Italy,,0536 22919,8471,,,
8472,MICOLINO MAURIZIO & C. SNC,00116970310,00116970310,N,Y,Standard,P,60/90 GG D.F.F.M.,8472,Gorizia,,Y,Y,Y,"Via III Armata, 85",Gorizia,34170,GO,Italy,,,8472,,,
8473,MERCEDES-BENZ ITALIA S.P.A.,00958861007,                ,N,Y,Standard,P,60/90 GG D.F.F.M.,8473,Roma,,Y,Y,Y,"Via Giulio Vincenzo Bona, 110",Roma,00156,RM,Italy,,,8473,,,
8474,MINOS RAISINS-CRETAN SULTANAS Growers corporation SA,00094017227,                ,N,Y,Standard,P,Contanti Consegna,8474,Creta,,Y,Y,Y,P.O. BOX 1011 IRAKLION,Creta,74000,GRE,Italy,,,8474,,,
8475,MOLINO MORAS S.R.L.,02130470301,                ,N,Y,Standard,D,60 GG D.F.F.M.,8475,Trivignano Udinese,,Y,Y,Y,"Via Palma,36/40",Trivignano Udinese,33050,UD,Italy,,,8475,,,
8476,MEDIAMARKET S.P.A.,02630120166,02180760965,N,Y,Standard,K,Contanti Consegna,8476,Curno,0432 651511,Y,Y,Y,"VIA ENRICO FERMI, 4",Curno,24035,BG,Italy,,0432 651500,8476,,,
8477,MOSETTIG ALESSANDRO Autocarrozzeria ,00354700312,                ,N,Y,Standard,P,Contanti Consegna,8477,Gorizia,,Y,Y,Y,"STR. DELLA MAINIZZA, 128",Gorizia,34170,GO,Italy,,,8477,,,
8478,MEDEOT SRL Termoidraulica Condizionamento,00504850314,                ,N,Y,Standard,P,Contanti Consegna,8478,Gorizia,,Y,Y,Y,"VIA UDINE, 159",Gorizia,34170,GO,Italy,,,8478,,,
8479,MYTHOS S.R.L.,01076870326,                ,N,Y,Standard,P,60/90 GG D.F.F.M.,8479,Trieste,,Y,Y,Y,"P.zza TOMMASEO, 4",Trieste,34121,TS,Italy,,,8479,,,
8481,MM TRADE,01102340310,MMSCRS73C20E098B,N,Y,Standard,P,60/90 GG D.F.F.M.,8481,Gorizia,,Y,Y,Y,"VIA UDINE, 93",Gorizia,34170,GO,Italy,,,8481,,,
8482,MICROSOFT DIRECT SERVICES,           ,DE192876773     ,N,Y,Standard,K,Contanti Consegna,8482,VERSMOLD,,Y,Y,Y,FRIEDRICH-MENZEFRICKE ST.16-18,VERSMOLD,D-337 5 ,GER,Italy,,,8482,,,
8483,MR DI MARANGON MARCO Serramenti,01060230313,MRNMRC75L23D014W,N,Y,Standard,P,Contanti Consegna,8483,Capriva del Friuli,,Y,Y,Y,"VIA CAVOUR, 23",Capriva del Friuli,34070,GO,Italy,,,8483,,,
8484,MOBILIFICIO BERTOLUTTI  di Bertolutti Claudio ,02594350304,02594350304,N,Y,Standard,P,60/90 GG D.F.F.M.,8484,Povoletto,,Y,Y,Y,"VIA V. VENETO, 41",Povoletto,33040,UD,Italy,,,8484,,,
8485,MEDIOCREDITO ITALIANO SPA,13300400150,13300400150,N,Y,Standard,F,Contanti Consegna,8485,Milano,,Y,Y,Y,VIA MONTEBELLO 18,Milano,20121,MI,Italy,,,8485,,,
8486,MIGLIORA SRL,03819640248,03819640248,N,Y,Standard,D,30 GG D.F.F.M.,8486,Barbarano Vicentino,0444 795148,Y,Y,Y,"VIALE DEL LAVORO,69-71FR.PONTE",Barbarano Vicentino,36021,VI,Italy,migliora.srl@legalmail.it,0444 797406,8486,,,
8487,MS PUBBLICITA' S.R.L.,01084700317,01084700317,N,Y,Standard,P,30 GG D.F.,8487,Capriva del Friuli,0481 80285,Y,Y,Y,"VIA CAVOUR, 21",Capriva del Friuli,34070,GO,Italy,mspubblicita@ticertifica.it,0481 808456,8487,,,
8488,MARONI LUCA,01133260313,MRNLCU81P29E098O,N,Y,Standard,P,Contanti Consegna,8488,Gorizia,,Y,Y,Y,"VIA ARIOSTO, 26",Gorizia,34170,GO,Italy,,,8488,,,
8489,M ON THE WORLD SRL,06288270967,06288270967,N,Y,Standard,P,30 GG D.F.,8489,Milano,,Y,Y,Y,"CORSO BUENOS AIRES, 60",Milano,20124,MI,Italy,,,8489,,,
8490,MALTOMIX DI CORAZZINA LUCA,02869360301,CRZLCU75A02H816V,N,Y,Standard,D,60 GG D.F.F.M.,8490,Osoppo,393 9308236,Y,Y,Y,"VIA BRANNENBURG, 48",Osoppo,33010,UD,Italy,,,8490,,,
,MARNEXT DI ROLF MARINO        ,03525270264,,N,Y,Standard,P,Contanti Consegna,,TREVISO             ,,Y,Y,Y,"VIA PETRARCA, 24              ",TREVISO             ,,TV,Italy,,,,,,
8651,NERIO DOBRILLA S.R.L.,00818390320,00818390320,N,Y,Standard,S,60 GG D.F.,8651,Trieste,040 5708482,Y,Y,Y,"Via Delle Docce, 20",Trieste,34128,TS,Italy,,040 5706175,8651,,,
8652,NEOS FINANCE SPA,02218780373,02218780373,N,Y,Standard,F,60/90 GG D.F.F.M.,8652,Bologna,,Y,Y,Y,"VIA INDIPENDENZA, 2",Bologna,40121,BO,Italy,,,8652,,,
8653,NASTEM FOOD SRL,07527120963,07527120963,N,Y,Standard,P,30 GG D.F.,8653,Lainate,,Y,Y,Y,"VIALE RIMEMBRANZE, 21/7",Lainate,20020,MI,Italy,,,8653,,,
8655,NARDINI LUIGI & C. S.N.C. Ingrosso alimentari,01787010303,01787010303,N,Y,Standard,P,Contanti Consegna,8655,Rivignano,,Y,Y,Y,"Via Varmo, 14",Rivignano,33050,UD,Italy,,,8655,,,
8656,NOCCIOLE MARCHISIO SPA,02312850049,02312850049,N,Y,Standard,D,60 GG D.F.F.M.,8656,Cortemilia,0173 820411,Y,Y,Y,"Viale Marconi, 38",Cortemilia,12074,CN,Italy,info@nocciolemarchisio.it,0173 821578,8656,,,
8657,NUOVA LEONI S.P.A.,00723950408,                ,N,Y,Standard,P,60/90 GG D.F.F.M.,8657,Forlì,,Y,Y,Y,"Via G.Ansaldo, 14",Forlì,47121,FC,Italy,,,8657,, CREDITO ROMAGNOLO            AG.1 FORLI'              ,IT   03556 13201 
8658,NEW IMEX CRO S.R.L.,03209400260,03209400260,N,Y,Standard,D,60 GG D.F.F.M.,8658,Treviso,0422 411046 ,Y,Y,Y,"VIA MUNICIPIO, 6",Treviso,31100,TV,Italy,,0422 582782,8658,,,
8659,NOVA FUNGHI S.R.L.,02319070286,00868960279,N,Y,Standard,D,60 GG D.F.F.M.,8659,San Giorgio delle Pertiche,049 5747822,Y,Y,Y,"Via Roma, 4",San Giorgio delle Pertiche,35010,PD,Italy,,049 9370002,8659,,CREDITO VALTELLINESE,IT 34 H 05216 60160 000000002095
8660,NOVATERRA S.P.A.,09833930150,09833930150,N,Y,Standard,D,60 GG D.F.F.M.,8660,Ossona,,Y,Y,Y,"VIA VERDI, 1",Ossona,20010,MI,Italy,,,8660,,,
8661,NEW INTERNATIONAL METALCRAFT SOCIETY SPA,01917020289,01917020289,N,Y,Standard,P,60/90 GG D.F.F.M.,8661,Padova,,Y,Y,Y,"V.LE DELLA NAVIGAZIONE, 18",Padova,35129,PD,Italy,,,8661,,,
8662,NORDEST IMPIANTI DI Buoso Flaviano,02420520302,                ,N,Y,Standard,P,Contanti Consegna,8662,Pradamano,,Y,Y,Y,"VIA GIACOMO MATTEOTTI, 96",Pradamano,33040,UD,Italy,,,8662,,,
8663,NAPOLEONE FRUITS S.R.L.,05975141218,05975141218,N,Y,Standard,D,60 GG D.F.F.M.,8663,Sant'Antimo,081 8335253,Y,Y,Y,"Via degli Aironi, 18",Sant'Antimo,80029,NA,Italy,,081 8335010,8663,,,
8689,NEW FACTOR S.P.A.Torrefazione Frutta Secca,01253940405,                ,N,Y,Standard,D,60 GG D.F.F.M.,8689,Cerasolo Ausa di Coriano,,Y,Y,Y,"VIA AUSA, 72",Cerasolo Ausa di Coriano,47852,  RN,Italy,,,8689,,,
8690,NUOVA TRADIZIONE SRL,04146430246,04146430246,N,Y,Standard,D,60 GG D.F.F.M.,8690,Montecchio Maggiore,,Y,Y,Y,VIA DELL'ARTIGIANATO 27,Montecchio Maggiore,36075,VI,Italy,,,8690,,,
8718,OLEIFICIO VIOLA DI Viola B. & C. SNC,00206540239,                ,N,Y,Standard,D,60 GG D.F.F.M.,8718,Bardolino,,Y,Y,Y,"Via Molini, 7",Bardolino,37011,VR,Italy,,,8718,,,
8719,VODAFONE OMNITEL N.V.,08539010010,93026890017,N,Y,Standard,F,30 GG D.F.,8719,Ivrea,,Y,Y,Y,"VIA JERVIS, 13",Ivrea,10015,TO,Italy,,,8719,,,
8720,OFFICINA DEL CARRELLO di Vidoni Giuseppe SRL,01872940307,01872940307,N,Y,Standard,P,60/90 GG D.F.F.M.,8720,Udine,,Y,Y,Y,"Via Slovenia, 2",Udine,33100,UD,Italy,,,8720,, B. POP. DI VICENZA           AG. CUSSIGNACCO          ,IT   05728 12337 
8723,OLITALIA S.R.L.,01491110407,01491110407,N,Y,Standard,D,60 GG D.F.F.M.,8723,Forlì,,Y,Y,Y,"VIA ANTONIO MEUCCI, 22/A",Forlì,47122,FC,Italy,,,8723,,,
8724,OLLO STORE SNC DI Fasce Francesca & C. ,05743890484,05743890484,N,Y,Standard,K,Contanti Consegna,8724,Empoli,,Y,Y,Y,"VIA J. CHIMENTI, 17",Empoli,50053,FI,Italy,,,8724,,,
8725,ORZAN,00302060314,RZNLSN57A14D014E,N,Y,Standard,P,Contanti Consegna,8725,Farra d'Isonzo,,Y,Y,Y,VIA GORIZIA 159,Farra d'Isonzo,34072,GO,Italy,,,8725,,,
8726,OMNIA STUDIO SAS di R. Uleri e C. ,05606121001,05606121001,N,Y,Standard,P,30 GG D.F.,8726,Roma,,Y,Y,Y,VIA ALFONSO GALLO 49,Roma,00135,RM,Italy,,,8726,,,
8774,D.I.A. SRL - Distillerie Ital. Aromatici,02362200244,02362200244,N,Y,Standard,D,60 GG D.F.F.M.,8774,Grumolo delle Abbadesse,,Y,Y,Y,"VIA ROMA, 76",Grumolo delle Abbadesse,36040,VI,Italy,,,8774,,,
8777,P.A.C. SPA Panificatori acquisti collettivi,00131870321,00131870321,N,Y,Standard,D,60 GG D.F.F.M.,8777,San Dorligo della Valle - Dolina,,Y,Y,Y,"VIA Muggia, 4",San Dorligo della Valle - Dolina,34018,TS,Italy,,,8777,,,
8778,PRO STUDIO 360.it Lyndoco Ltd,           ,DE245989463     ,N,Y,Standard,K,Contanti Consegna,8778,LONDRA SW6TJ,,Y,Y,Y,19 HEATHMANS ROAD,LONDRA SW6TJ,SW6TJ,ING,Italy,,,8778,,,
8779,PNEUSGORIZIA   S.R.L.,00402290316,00402290316,N,Y,Standard,P,Contanti Consegna,8779,Gorizia,,Y,Y,Y,VIA III ARMATA  187,Gorizia,34170,GO,Italy,,,8779,,,
8781,PUSNAR GOMME di Beatrice Pusnar ,00530740315,PSNBRC64S43E098X,N,Y,Standard,P,30 GG D.F.,8781,Farra d'Isonzo,,Y,Y,Y,"Via Gorizia, 106",Farra d'Isonzo,34072,GO,Italy,,,8781,,,
8782,PELLEGRINO LUIGI Tappezzeria e Tendaggi,00004730313,                ,N,Y,Standard,P,Contanti Consegna,8782,San Lorenzo Isontino,,Y,Y,Y,"Via I° Maggio, 1",San Lorenzo Isontino,34070,GO,Italy,,,8782,,,
8783,NAMACO RAVENNA S.R.L.,02023440395,02023440395,N,Y,Standard,P,60/90 GG D.F.F.M.,8783,San Michele,,Y,Y,Y,"VIA BRACCESCA, 68",San Michele,48010,RA,Italy,,,8783,,,
8784,PAST.TRIESTINA ULCIGRAI SRL,00623750320,00623750320,N,Y,Standard,P,30 GG D.F.,8784,Muggia,,Y,Y,Y,"VIA PETRONIO, 1/A Z.I.NOGHERE",Muggia,34015,TS,Italy,,,8784,, FRIULCASSA SPA               MUGGIA                   ,IT   06340 36480 
8786,POSTE ITALIANE,01114601006,                ,N,Y,Standard,P,Contanti Consegna,8786,Roma,,Y,Y,Y,"Viale Europa, 190",Roma,00144,RM,Italy,,,8786,,,
8787,PASTRY SERVICE S.R.L.,02723260986,02723260986,N,Y,Standard,D,60 GG D.F.F.M.,8787,Mazzano,,Y,Y,Y,"VIA PADANA SUPERIORE, 84",Mazzano,25080,BS,Italy,,,8787,,,
8789,PLURICOMMERCIALE VENETA S.A.S. di Domini Nevio ,02029930274,02029930274,N,Y,Standard,P,30 GG D.F.,8789,Lugugnana di Portogruaro,,Y,Y,Y,"Via Chiesa, 25/A",Lugugnana di Portogruaro,30020,VE,Italy,,,8789,,,
8790,PUBBLILUX DI SARTORELLO S.,00167140268,                ,N,Y,Standard,P,30 GG D.F.,8790,Treviso,,Y,Y,Y,"Via Piave, 12",Treviso,31100,TV,Italy,,,8790,,,
8792,PLUSS S.R.L.,00943530329,00943530329,N,Y,Standard,P,60/90 GG D.F.F.M.,8792,Trieste,,Y,Y,Y,"L.go Piave, 3",Trieste,34133,TS,Italy,,,8792,,,
8793,PRODUTTORI RIUNITI S.R.L.,02424650345,02424650345,N,Y,Standard,D,60 GG D.F.F.M.,8793,Parma,,Y,Y,Y,"STRADA DEI MERCATI, 17",Parma,43126,PR,Italy,,,8793,,,
8794,QUALITY FOOD GROUP S.P.A.,02159710306,02159710306,N,Y,Standard,D,60 GG D.F.F.M.,8794,Martignacco,,Y,Y,Y,"Via Spilimbergo, 221",Martignacco,33035,UD,Italy,,,8794,,,
8795,PREALPI S.P.A. Industria casearia,00222060121,00222060121,N,Y,Standard,D,60 GG D.F.F.M.,8795,Varese,,Y,Y,Y,"Viale L. Borri, 80",Varese,21100,VA,Italy,,,8795,,,
8796,PRADA Specialità Alimentari MACOR DI TRUCAZZANO SRL,04857620159,04857620159,N,Y,Standard,D,60 GG D.F.F.M.,8796,Truccazzano,,Y,Y,Y,Via Monte Grappa 10 ,Truccazzano,20060,MI,Italy,,,8796,,,
8797,PADOVANA MACINAZIONE SRL,02003430283,02003430283,N,Y,Standard,D,60 GG D.F.F.M.,8797,Padova,,Y,Y,Y,"VIALE DELL'INDUSTRIA,72 INT.1",Padova,35129,PD,Italy,,,8797,,,
8798,PREARO SAS di Prearo Luca & C. ,03105120244,03105120244,N,Y,Standard,T,30 GG D.F.,8798,Torri di Quartesolo,,Y,Y,Y,VIA DEI CARABINIERI 40,Torri di Quartesolo,36040,VI,Italy,,,8798,,,
8799,PAST. TIFFANY DI TAGLIAROLO di Tagliarolo Ezio e Fava L. SNC,01486100306,01486100306,N,Y,Standard,S,30 GG D.F.,8799,San Michele al Tagliamento,,Y,Y,Y,"VIA MARANGO, 8",San Michele al Tagliamento,30028,VE,Italy,,,8799,,,
8800,PIVETTI MOLINI S.P.A. Gruppo Holding Pivetti SPA,00055650386,00055650386,N,Y,Standard,D,60 GG D.F.F.M.,8800,Renazzo,,Y,Y,Y,"VIA RENAZZO, 67",Renazzo,44045,FE,Italy,,,8800,,,
8801,PIAPAN DI CALLIGARIS M.,00500560313,CLLMSM69S23E098E,N,Y,Standard,P,Contanti Consegna,8801,Monfalcone,,Y,Y,Y,"VIA G.MAZZINI, 12",Monfalcone,34074,GO,Italy,,,8801,,,
8803,P.G. SRL,01224050326,01224050326,N,Y,Standard,S,Contanti Consegna,8803,Trieste,,Y,Y,Y,"P.zza G.B. Vico, 4/A",Trieste,34131,TS,Italy,,,8803,,,
8804,PFAHNL Backmittel Gmbh,           ,ATU61507239     ,N,Y,Standard,D,60 GG D.F.F.M.,8804,PREGARTEN,,Y,Y,Y,Halmenberg 13,PREGARTEN,A4230,AUS,Italy,,,8804,,,
8805,PANASONIC ITALIA,07409680969,07409680969,N,Y,Standard,P,Contanti Consegna,8805,Milano,,Y,Y,Y,"VIALE DELL'INNOVAZIONE,3",Milano,20126,MI,Italy,,,8805,,,
8972,PEKARNA BRUMAT D.O.O.,           ,SI26291177      ,N,Y,Standard,P,30 GG D.F.,8972,Nova Gorica,,Y,Y,Y,"VODOVODNA POT 13, KROMBERK",Nova Gorica,5000,SLO,Italy,,,8972,,,
9054,R.P. GRASSI ALIMENTARE S.R.L.,03434570408,03434570408,N,Y,Standard,D,60 GG D.F.F.M.,9054,San Mauro Pascoli,,Y,Y,Y,Via Stradone 637,San Mauro Pascoli,47030,FC,Italy,,,9054,, BANCA DELLE MARCHE           AG.RIMINI                ,IT   06055 24200 
9055,REFRIGERAZIONE GENERALE SRL,00481150316,00481150316,N,Y,Standard,P,30 GG D.F.,9055,Fogliano Redipuglia,,Y,Y,Y,"Via dell'Artigianato, 34",Fogliano Redipuglia,34070,GO,Italy,,,9055,,,
9056,RIPAUTO S.D.F. DI MIAN ROMEO & IVAN ZAVADLAV,00446850315,                ,N,Y,Standard,P,Contanti Consegna,9056,Gorizia,,Y,Y,Y,"Via Brigate Re, 2/C",Gorizia,34170,GO,Italy,,,9056,,,
9057,RADER S.P.A. Socio Unico,00295930242,00295930242,N,Y,Standard,D,60 GG D.F.F.M.,9057,Altavilla Vicentina,,Y,Y,Y,"Via Piave, 19",Altavilla Vicentina,36077,VI,Italy,,,9057,, B.POPOLARE VICENTINA NR.4    AG.VICENZA               ,IT   05728 11818 
9060,ROSSETTO S.N.C. DI ROSSETTO Pierangelo & C.,06085610019,06085610019,N,Y,Standard,D,60 GG D.F.F.M.,9060,Caluso,,Y,Y,Y,"Via Martiri d'Italia, 40",Caluso,10014,TO,Italy,,,9060,, CRT AG. DI CALUSO            AG.DI CALUSO             ,IT   06320 30210 
9061,Register.it S.P.A.,02826010163,02826010163,N,Y,Standard,K,30 GG D.F.,9061,Firenze,,Y,Y,Y,"PIAZZA ANNIGONI, 9/B",Firenze,50122,FI,Italy,,,9061,,,
9062,RUSSIAN LUBRIFICANTI S.R.L.   ,01158150316,01158150316,N,Y,Standard,P,Contanti Consegna,9062,Gorizia,,Y,Y,Y,VIA IV NOVEMBRE 5/B,Gorizia,34170,GO,Italy,,,9062,,,
9064,ROVEREDO KIM,01625640931,RVRKMI75C01A516Z,N,Y,Standard,P,30 GG D.F.,9064,Montereale Valcellina,,Y,Y,Y,VIA CIOTTI 33/C,Montereale Valcellina,33086,PN,Italy,,,9064,,,
9065,RICA GEST S.R.L. Società unipersonale,11392351000,11392351000,N,Y,Standard,P,30 GG D.F.,9065,Roma,,Y,Y,Y,"LUNGOTEVERE DEI MELLINI, 44",Roma,00193,RM,Italy,,,9065,,,
9066,RO.BUR. SRL,07893060728,07893060728,N,Y,Standard,D,60 GG D.F.F.M.,9066,Ceglie del Campo,,Y,Y,Y,VI DOMENICO DI VENERE 41/43,Ceglie del Campo,70129,BA,Italy,,,9066,,,
9090,BRUZICHES FRANCESCO Agente Rappresentante,00498130319,BRZFNC66S03L424I,N,Y,Standard,P,Contanti Consegna,9090,Farra d'Isonzo,,Y,Y,Y,"Via Gorizia, 162",Farra d'Isonzo,34072,GO,Italy,,,9090,,,
9192,TIROLER FRUCHTEKUCHE UNTERWEGER FRUCHTEKUCHE GmbH,           ,                ,N,Y,Standard,P,Contanti Consegna,9192,ASSLING ,,Y,Y,Y,"THAL AUE, 20",ASSLING ,A9911,AUS,Italy,,,9192,,,
9220,TIM  S.P.A.,00488410010,00488410010,N,Y,Standard,P,30 GG D.F.,9220,Milano,,Y,Y,Y,"VIA GAETANO NEGRI, 1",Milano,20123,MI,Italy,,,9220,,,
9221,TRASPORTI RUGGIERO di Ruggiero G.,03236530659,                ,N,Y,Standard,P,30 GG D.F.,9221,San Valentino Torio,,Y,Y,Y,"Via Cesina, II Trav. 1",San Valentino Torio,84010,SA,Italy,,,9221,,,
9227,MASSIMO STOLLI Impresa Edile Artigiana,00413630310,                ,N,Y,Standard,P,60/90 GG D.F.F.M.,9227,Gorizia,,Y,Y,Y,"Via Parini, 11",Gorizia,34170,GO,Italy,,,9227,,,
9232,SIEL  DI MIGLIOZZI MARCO,01179140312,MGLMRC75T29E098M,N,Y,Standard,P,30 GG D.F.,9232,Gorizia,,Y,Y,Y,"Via Duca D'Aosta, 35/A",Gorizia,34170,GO,Italy,,,9232,,,
9235,SCARDOVELLI GIANFRANCO,00432430312,                ,N,Y,Standard,P,Contanti Consegna,9235,Gorizia,,Y,Y,Y,"Via Monache, 14",Gorizia,34170,GO,Italy,,,9235,,,
9236,SCAL S.R.L.,03335741215,03335741215,N,Y,Standard,D,60 GG D.F.F.M.,9236,Poggiomarino,,Y,Y,Y,"VIA D.ALIGHIERI, 24",Poggiomarino,80040,NA,Italy,,,9236,,,
9237,SC EVOLUTION TEAM TCC SRL,           ,0RO29425948      ,N,Y,Standard,D,60 GG D.F.F.M.,9237,BUCHAREST,,Y,Y,Y,DUMBRAVA NOUA STREET 41,BUCHAREST,60274,ROM,Italy,,,9237,,,
9238,SBS LEASING S.P.A. Gruppo Bancario CAB,01000500171,                ,N,Y,Standard,F,60/90 GG D.F.F.M.,9238,Brescia,,Y,Y,Y,"Via Paganora, 4",Brescia,25121,BS,Italy,,,9238,,,
9239,STUDIO LEGALE AVV. ROSANNA DE CIANTIS,01054470313,DCNRNN72C58E098E,N,Y,Standard,P,30 GG D.F.,9239,Gorizia,,Y,Y,Y,"CORSO ITALIA, 206",Gorizia,34170,GO,Italy,,,9239,, FRIULADRIA CREDIT AGRICOLE   GORIZIA IT94             ,IT   05336 12400 
9242,SPESA INTELLIGENTE S.P.A. Eurospin,02416840235,02416840235,N,Y,Standard,P,Contanti Consegna,9242,San Martino Buon Albergo,,Y,Y,Y,VIA CAMPALTO 3D,San Martino Buon Albergo,37036,VR,Italy,,,9242,,,
9246,S.IND.E. S.R.L.  Serv. ind. edili,01365070307,                ,N,Y,Standard,P,60/90 GG D.F.F.M.,9246,Pasian di Prato,,Y,Y,Y,"Via Genova, 1",Pasian di Prato,33037,UD,Italy,,,9246,, B.POP.UD.PASIAN DI PRATO UD                           ,IT   05360 64070 
9247,SI.RI ITALIANA di GATTI E.,01459640270,GTTRSL53C12G187Q,N,Y,Standard,D,60 GG D.F.F.M.,9247,Teglio Veneto,,Y,Y,Y,"Via Dell'Artigianato, 15",Teglio Veneto,30025,VE,Italy,,,9247,,,
9248,SENNA SRL,02218320212,02218320212,N,Y,Standard,D,60 GG D.F.F.M.,9248,Bolzano,,Y,Y,Y,"VIA LEONARDO DA VINCI, 2",Bolzano,39100,BZ,Italy,,,9248,, RAIFFEISEN LANDESBANK        SUDTIROL IT34            ,IT   03493 11600 
9249,SIPRAL PADANA S.P.A.,00811750157,00811750157,N,Y,Standard,D,60 GG D.F.F.M.,9249,Milano,,Y,Y,Y,"VIA BRERA, 6",Milano,20100,MI,Italy,,,9249,,,
9250,SICUREZZA 2000 di Toneatto p. i. Bruno,01717730301,TNTBRN53R29L039Q,N,Y,Standard,D,60 GG D.F.F.M.,9250,Talmassons,,Y,Y,Y,"Via Piave, 12/2",Talmassons,33030,UD,Italy,,,9250,, B.C.C. DELLA BASSA FRIULANA  FIL.FLAMBRO              ,IT   08330 64270 
9251,STUDIO LEGALE dott. F. Samar,00447480310,SMRFLV60C14E098V,N,Y,Standard,P,30 GG D.F.,9251,Gorizia,,Y,Y,Y,"Via Rabatta, 20/A",Gorizia,34170,GO,Italy,,,9251,,,
9252,ST SNC di SALCE & TOMASELLI,02441280266,02441280266,N,Y,Standard,P,Contanti Consegna,9252,Valdobbiadene,,Y,Y,Y,"Via Erizzo, 91",Valdobbiadene,31049,TV,Italy,,,9252,,,
9253,SERIGO S.R.L.,01046250310,01046250310,N,Y,Standard,P,60/90 GG D.F.F.M.,9253,Mariano del Friuli,,Y,Y,Y,VIA GRADISCA 7/A,Mariano del Friuli,34070,GO,Italy,,,9253,,,
9255,SANTELLA S.R.L.,01465261210,05834810631,N,Y,Standard,D,60 GG D.F.F.M.,9255,Palma Campania,,Y,Y,Y,"Via Marconi, 239",Palma Campania,80036,NA,Italy,,,9255,, M.DEI PASCHI SIENA           FIL.SARNO SA             ,IT   01030 76480 
9256,SINA AUTO S.P.A. Concessionaria FIAT,00067570937,                ,N,Y,Standard,P,60/90 GG D.F.F.M.,9256,Spilimbergo,,Y,Y,Y,"Via Ponte Roitero, 1",Spilimbergo,33097,PN,Italy,,,9256,,,
9258,IN PRESS S.R.L.,00528940315,00528940315,N,Y,Standard,P,30 GG D.F.,9258,Gorizia,,Y,Y,Y,"VIA BRIGATA PAVIA, 126",Gorizia,34170,GO,Italy,,,9258,,,
9259,SCARBOLO ZUCCHERI S.R.L.,01592790305,01592790305,N,Y,Standard,D,60 GG D.F.F.M.,9259,Remanzacco,,Y,Y,Y,"Via del Torre, 48",Remanzacco,33047,UD,Italy,,,9259,, ROLO BANCA 1473 S.P.A.       FIL.REMANZACCO           ,IT   03556 64160 
9260,SYNTHESIS S.N.C. di Franco A. & Mischis F. ,01700880303,01700880303,N,Y,Standard,P,Contanti Consegna,9260,Cervignano del Friuli,,Y,Y,Y,"VIA N. SAURO, 5",Cervignano del Friuli,33052,UD,Italy,,,9260,,,
9262,CALDIC ITALIA S.R.L.,02404670123,09186910155,N,Y,Standard,D,30 GG D.F.F.M.,9262,Origgio,,Y,Y,Y,"Via Saronnino, 5",Origgio,21040,VA,Italy,,,9262,, CRED.BERGAMASCO AG.LAINATE   AG.LAINATE               ,IT   03336 33220 
9263,SQUARZONI GIANFRANCO Stampi e Teglie,00387330236,                ,N,Y,Standard,P,60/90 GG D.F.F.M.,9263,Castel d'Azzano,,Y,Y,Y,"VIA G. VERDI, 27",Castel d'Azzano,37060,VR,Italy,,,9263,,,
9265,SALUS S.R.L.,00494900319,00494900319,N,Y,Standard,P,Contanti Consegna,9265,Gorizia,,Y,Y,Y,"Via Roma, 20",Gorizia,34170,GO,Italy,,,9265,, FRIULCASSA S.P.A             GORIZIA                  ,IT   06340 12410 
9266,SERFRUIT S.P.A.,10077190154,10077190154,N,Y,Standard,D,60 GG D.F.F.M.,9266,Melzo,,Y,Y,Y,"Via Dossetti, 2",Melzo,20066,MI,Italy,,,9266,, BANCA COMMERCIALE ITALIANA   AG. SEGRATE MI           ,IT   02002 20600 
9267,STUDIO ASSOCIATO LAPOVICH & TOMBA Dott. Commercialisti,01000220317,                ,N,Y,Standard,P,30 GG D.F.,9267,Gorizia,,Y,Y,Y,"Corso Italia, 163",Gorizia,34170,GO,Italy,,,9267,,,
9268,SATOS S.P.A.,01226870473,01226870473,N,Y,Standard,D,60 GG D.F.F.M.,9268,Ponte Buggianese,,Y,Y,Y,"VIA ALBINATICO, 50/52",Ponte Buggianese,51019,PT,Italy,,,9268,,,
9269,S.I.L.E.A. SRL,07559060012,07559060012,N,Y,Standard,D,60 GG D.F.F.M.,9269,Torino,,Y,Y,Y,"LARGO BARDONECCHIA, 175",Torino,10141,TO,Italy,,,9269,,,
9270,SIVIERI DI SIVIERI MAURO,04257650277,SVRMRA71E10G914X,N,Y,Standard,S,60 GG D.F.F.M.,9270,San Michele al Tagliamento,,Y,Y,Y,"Via Dell'Industria, 12",San Michele al Tagliamento,30028,VE,Italy,,,9270,, S.BIAGIO CREDITO COOPERATIVO CESAROLO                 ,IT   08965 36290 
9272,SPAGNOL GROUP SRL Sale ed Affini,02748600240,00208540211,N,Y,Standard,D,60 GG D.F.F.M.,9272,Thiene,,Y,Y,Y,"VIALE DELLA FISICA, 15 (Z.I.)",Thiene,36016,VI,Italy,,,9272,,,
9273,SALOV S.P.A.,00526090469,00526090469,N,Y,Standard,D,60 GG D.F.F.M.,9273,Massarosa,0584 49911,Y,Y,Y,"Via Montramito,1600",Massarosa,55054,LU,Italy,commita@salov-pec.com,0584 48460,9273,,,
9274,SEAT PAGINE GIALLE S.P.A tin.it Divisione Internet ,13289460159,                ,N,Y,Standard,P,60/90 GG D.F.F.M.,9274,Milano,,Y,Y,Y,"VIA GROSIO, 10/8",Milano,20151,MI,Italy,,,9274,,,
9275,SDAG GORIZIA SERVIZI LOGISTICI INTEGRATI SPA,00334280310,00334280310,N,Y,Standard,P,60/90 GG D.F.F.M.,9275,Gorizia,,Y,Y,Y,STAZIONE CONF. S.ANDREA,Gorizia,34170,GO,Italy,,,9275,,,
9276,SALGAR S.R.L.,00415290196,00415290196,N,Y,Standard,D,60 GG D.F.F.M.,9276,Palazzo Pignano,,Y,Y,Y,VIA PER TRESCORE 28,Palazzo Pignano,26020,CR,Italy,,,9276,,,
9277,STILDECOR DI SILVESTRI LUCA,01049900317,SLVLCU72B28E098M,N,Y,Standard,P,30 GG D.F.,9277,Gorizia,,Y,Y,Y,"VIA CAPRIN, 25",Gorizia,34170,GO,Italy,,,9277,,,
9278,SUPERMERCATI DISIOT S.R.L.,01015230939,01015230939,N,Y,Standard,P,Contanti Consegna,9278,Pordenone,,Y,Y,Y,"Viale Trieste,15",Pordenone,33170,PN,Italy,,,9278,,,
9279,SOCIETA'COOP AGRICOLA CONSORTILE,01387100199,01388100199,N,Y,Standard,D,60 GG D.F.F.M.,9279,Cremona,,Y,Y,Y,"VIA BERGAMO, 292",Cremona,26100,CR,Italy,,,9279,,,
9281,SME S.P.A.,02323180279,02323180279,N,Y,Standard,P,Contanti Consegna,9281,Cessalto,,Y,Y,Y,"VIA VITTORIA, 45",Cessalto,31040,TV,Italy,,,9281,,,
9282,SFOGLIATORINO S.R.L.,02275840011,02275840011,N,Y,Standard,D,60 GG D.F.F.M.,9282,Moncalieri,,Y,Y,Y,VIA ALFIERI 17,Moncalieri,10024,TO,Italy,,,9282,,,
9283,SMAC SCAVI S.R.L. s.,01139770315,01139770315,N,Y,Standard,P,Contanti Consegna,9283,Cormons,,Y,Y,Y,"VIA POZZETTO, 1/B/1",Cormons,34071,GO,Italy,,,9283,,,
9284,SEAL SRL,01142020310,01142020310,N,Y,Standard,P,30 GG D.F.,9284,Gradisca d'Isonzo,,Y,Y,Y,"VIA PUCCINI, 7",Gradisca d'Isonzo,34072,GO,Italy,,,9284,,,
9285,SOCIETA' AGRICOLA TENUTA DI VILLANOVA SRL,00465620318,00465620318,N,Y,Standard,P,Contanti Consegna,9285,Farra d'Isonzo,,Y,Y,Y,"VIA CONTESSA BERETTA, 29",Farra d'Isonzo,34072,GO,Italy,,,9285,,,
9286,STUDIO GRADENIGO SRL,01067970317,01067970317,N,Y,Standard,P,60/90 GG D.F.F.M.,9286,Gorizia,,Y,Y,Y,"P.ZZA VITTORIA, 41",Gorizia,34170,GO,Italy,,,9286,,,
9287,GIULIO CASAGRANDE Studio 7 G,           ,CSGGLI75T28L483S,N,Y,Standard,P,Contanti Consegna,9287,Grado,,Y,Y,Y,VIALE DELL'ORIONE 32/7,Grado,34073,GO,Italy,,,9287,,,
9289,SELEZIONE CASILLO S.R.L,06723350721,06723350721,N,Y,Standard,D,60 GG D.F.F.M.,9289,Corato,080 87266673,Y,Y,Y,"VIA S.ELIA, ZONA IND.",Corato,70033,BA,Italy,info@selezionecasillo.com,080 2463200,9289,,,
9290,SIGNORINI MARCO,01024800318,SGNMRC70L19E098G,N,Y,Standard,P,Contanti Consegna,9290,Capriva del Friuli,,Y,Y,Y,"VIA S. LORENZO, 6",Capriva del Friuli,34070,GO,Italy,,,9290,,,
9452,TERZIARIA GORIZIA S.R.L. Centro assistenza tecnica Confcom Go,01011130315,01011130315,N,Y,Standard,P,30 GG D.F.,9452,Gorizia,,Y,Y,Y,"Via Locchi, 14/1",Gorizia,34170,GO,Italy,,,9452,,,
9456,TIM TELECOM ITALIA MOBILE SPA,06947890015,                ,N,Y,Standard,F,30 GG D.F.,9456,Torino,,Y,Y,Y,"Via Giannone, 4",Torino,10122,TO,Italy,,,9456,,,
9457,TECNOTERM S.N.C. di ing.Mizzon  Buiatti & S.,00378890313,00378890313,N,Y,Standard,P,60/90 GG D.F.F.M.,9457,Gorizia,,Y,Y,Y,"Via Contavalle, 3",Gorizia,34170,GO,Italy,,,9457,,,
9458,TNT TRACO S.P.A. corriere espresso,08886100158,                ,N,Y,Standard,P,Contanti Consegna,9458,Milano,,Y,Y,Y,"Via Sibari, 15",Milano,20141,MI,Italy,,,9458,,,
9459,TRASPORTI MANZANESI S.N.C. DI Novello A. & C. ,00470940305,00470940305,N,Y,Standard,P,60/90 GG D.F.F.M.,9459,Manzano,,Y,Y,Y,"Via della Rosta, 25",Manzano,33044,UD,Italy,,,9459,,,
9460,TECNOSERVICE DI Marchi L. & Milocco R. SNC,00176630317,                ,N,Y,Standard,P,60/90 GG D.F.F.M.,9460,Gorizia,,Y,Y,Y,"CORSO ITALIA, 76/78",Gorizia,34170,GO,Italy,,,9460,, MONTE DEI PASCHI SIENA                                ,IT   01030 04800 
9461,TECNOFLY DI CHEBAR BRUNO,01187000318,CHBBRN58P14E098X,N,Y,Standard,T,Contanti Consegna,9461,GORIZIA,0432 32732,Y,Y,Y,"VIA DEL COLLE, 6",GORIZIA,34170,GO,Italy,tecnofly.go@gmail.com,,9461,,,
9474,TABAJ F.LLI S.N.C. di Tabaj M. & R.,00311910319,00311910319,N,Y,Standard,D,60 GG D.F.F.M.,9474,Gorizia,,Y,Y,Y,"Via A. Gregorcic, 24",Gorizia,34170,GO,Italy,,,9474,,,
9476,TRAINI & TORRESI SPA,00081650434,                ,N,Y,Standard,P,60/90 GG D.F.F.M.,9476,Civitanova Marche,,Y,Y,Y,"Via Martiri di Belfiore, 107",Civitanova Marche,62012,MC,Italy,,,9476,,,
9478,TRAMONTE MIRCO,02085410286,TRMMRC61L03G224Q,N,Y,Standard,D,60 GG D.F.F.M.,9478,Piove di Sacco,,Y,Y,Y,"VIA CROCIATA, 20",Piove di Sacco,35028,PD,Italy,,,9478,, C.DI RISP.DI PADOVA E ROVIGO PONTELONGO PD            ,IT   06225 62760 
9479,BIOLEVANTE SRL Frantoio Oleario,06450550725,06450550725,N,Y,Standard,D,60 GG D.F.F.M.,9479,Andria,,Y,Y,Y,"Via Barletta, Km 20,200",Andria,76123,BT,Italy,,,9479,, BANCA POPOLARE DELL'EMILIA R                          ,IT   05387 41340 
9480,TOGRES d.o.o.,           ,SI39337456      ,N,Y,Standard,D,60 GG D.F.F.M.,9480,Sempeter,,Y,Y,Y,BRATUZEVA 13/A,Sempeter,5290,SLO,Italy,,,9480,,,
9481,T.Z. ESTINTORI SNC di Tolloi A. & Zanier A. ,02884810306,02884810306,N,Y,Standard,D,30 GG D.F.F.M.,9481,Cervignano del Friuli,,Y,Y,Y,"VIA FREDDA, 6/1 fraz.Scod.",Cervignano del Friuli,33052,UD,Italy,,,9481,,,
9482,TOFFUL FULVIO & C. S.A.S Officina Carrozzeria,00382070316,00382070316,N,Y,Standard,P,Contanti Consegna,9482,Romans d'Isonzo,,Y,Y,Y,VIA DEL CASTELLIERE 40,Romans d'Isonzo,34076,GO,Italy,,,9482,,,
9483,TELEPASS S.P.A.,09771701001,09771701001,N,Y,Standard,F,30 GG D.F.,9483,Roma,,Y,Y,Y,"VIA BERGAMINI, 50",Roma,00159,RM,Italy,,,9483,,,
9484,TUFANO GROUP S.R.L.,06354351212,06354351212,N,Y,Standard,D,60 GG D.F.F.M.,9484,Palma Campania,,Y,Y,Y,"VIA CIMITERO, 72",Palma Campania,80036,NA,Italy,,,9484,,,
9485,TUTTO RICAMBI GORIZIA S.N.C.n di Mian Cristian & Vidoz G. ,01154450314,01154450314,N,Y,Standard,P,Contanti Consegna,9485,Gorizia,,Y,Y,Y,"VIA LUNGO ISONZO ARGENTINA,91",Gorizia,34170,GO,Italy,,,9485,,,
9486,TAVI S.p.A.,01721440996,01721440996,N,Y,Standard,D,60 GG D.F.F.M.,9486,Genova,,Y,Y,Y,"Lungotorrente Secca, 3D",Genova,16163,GE,Italy,,,9486,,,
9501,UNITA' SANITARIA LOCALE N.1 Triestina SSN,00052420320,                ,N,Y,Standard,P,Contanti Consegna,9501,Trieste,,Y,Y,Y,"Via del Farneto, 3",Trieste,34142,TS,Italy,,,9501,,,
9502,UNIONPLUS Srl Società unipersonale,10014861008,10014861008,N,Y,Standard,D,30 GG D.F.F.M.,9502,Bolzano,0471 533575,Y,Y,Y,"Via G. Galilei, 10",Bolzano ,39100,BZ,Italy,info@union-plus.it,,9502,,,
9503,SGM DISTRIBUZIONE SRL Unieuro,00876320409,00876320409,N,Y,Standard,P,Contanti Consegna,9503,Forlì,,Y,Y,Y,VIA SCHIAPARELLIN 31,Forlì,47122,FC,Italy,,,9503,,,
9504,UDINESE SERVIZI E FORNIT. SNC di Del Giudice L. & Greatti L. ,02100990304,02100990304,N,Y,Standard,P,Contanti Consegna,9504,Martignacco,,Y,Y,Y,"VIA A. MALIGNANI, 27",Martignacco,33035,UD,Italy,,,9504,,,
9630,VIVO FRIULI VENEZIA GIULIA SPA,00168110310,00168110310,N,Y,Standard,P,Contanti Consegna,9630,Gorizia,,Y,Y,Y,"Via IIIArmata,  7",Gorizia,34170,GO,Italy,,,9630,,,
9631,VIVAI PETRINI DI ZORZENON L.,00166700310,                ,N,Y,Standard,P,Contanti Consegna,9631,Ronchi dei Legionari,,Y,Y,Y,"Via dei Cavedoni, 1",Ronchi dei Legionari,34077,GO,Italy,,,9631,,,
9634,V. BESANA S.P.A. Frutta secca,00289530636,                ,N,Y,Standard,D,60 GG D.F.F.M.,9634,San Gennaro Vesuviano,,Y,Y,Y,"VIA FERROVIA, 190",San Gennaro Vesuviano,80040,NA,Italy,,,9634,,,
9636,VECAR S.R.L.,01041280932,                ,N,Y,Standard,P,60/90 GG D.F.F.M.,9636,Fiume Veneto,,Y,Y,Y,"Via Pontebbana, 42",Fiume Veneto,33080,PN,Italy,,,9636,,,
9638,VISINTIN MARCELLO Autotrasporti,00011130317,                ,N,Y,Standard,P,60 GG D.F.,9638,Gorizia,,Y,Y,Y,"Via Monte Hermada, 24",Gorizia,34170,GO,Italy,,,9638,,,
9641,VELLO SRL,01588940989,                ,N,Y,Standard,P,60/90 GG D.F.F.M.,9641,Orzinuovi,,Y,Y,Y,Via Industria 8/10,Orzinuovi,25034,BS,Italy,,,9641,,,
9642,VE. SIM S.R.L. Verifiche Sicurezza Impianti,01034430312,01034430312,N,Y,Standard,P,30 GG D.F.,9642,Gorizia,,Y,Y,Y,"VAI IX AGOSTO, 11",Gorizia,34170,GO,Italy,,,9642,,,
9643,WORK LINE di DE CALO'A.,01002400313,DCLLSN73C10F356E,N,Y,Standard,P,Contanti Consegna,9643,Monfalcone,,Y,Y,Y,"Via Nuova Bagni, 7/A",Monfalcone,34074,GO,Italy,,,9643,,,
9644,VOLKSWAGEN BANK Succursale di Milano,12513730155,12513730155,N,Y,Standard,P,30 GG D.F.,9644,Milano,,Y,Y,Y,"VIA PETITTI, 15",Milano,20149,MI,Italy,,,9644,,,
9700,ZOFF LUIGI Materiali per l'Edilizia,00023530314,                ,N,Y,Standard,P,Contanti Consegna,9700,Gorizia,,Y,Y,Y,"Via Udine, 143/151",Gorizia,34170,GO,Italy,,,9700,,,
9701,ZAMI S.R.L.,01669890301,                ,N,Y,Standard,P,Contanti Consegna,9701,Udine,,Y,Y,Y,"Viale Ungheria, 60",Udine,33100,UD,Italy,,,9701,,,
9702,ZANIN CLAUDIO Assistenza Impianti di Refrigerazione,01070950314,ZNNCLD60S10E098X,N,Y,Standard,P,Contanti Consegna,9702,Gradisca d'Isonzo,,Y,Y,Y,"VIA LUNGH'ISONZO, 22",Gradisca d'Isonzo,34072,GO,Italy,,,9702,,,
9703,ZANOLLA S.R.L.,00080840317,00080840317,N,Y,Standard,P,Contanti Consegna,9703,Turriaco,,Y,Y,Y,"Via Manaruti, 5",Turriaco,34070,GO,Italy,,,9703,,,
9793,PARMAREGGIO S.P.A. Società Unipersonale ,01299680353,01299680353,N,Y,Standard,D,60 GG D.F.F.M.,9793,Modena,059 414711,Y,Y,Y,"Via Polonia, 30/33",Modena,41122,MO,Italy,parmareggio@pec.sirnet.it,059 450441,9793,,CASSA DI RISPARMIO IN BOLOGNA SPA,IT 27 A 06385 12911 615230110804
9794,PROGEO Societa' Coop. Agric.,00127250355,00144760352,N,Y,Standard,D,60 GG D.F.F.M.,9794,Reggio Emilia,,Y,Y,Y,"Via Asseverati, 1",Reggio Emilia,42122,RE,Italy,,,9794,,,
